id,contract_id,service_category_id,asset_tag,asset_type,description,make,model,serial_no,location,floor,zone,criticality,warranty_expiry,status,created_at,updated_at
af88556a-6de5-43f9-8264-427be5fec061,8c154c7b-8f46-4926-b810-368d8953c322,c36728e7-b04a-43ff-b88c-f6b3ba84ef3f,FF-48PS-001,Electrical Distribution Panel,SMDB,,,,Ground Floor-LV Room,,Electrical,High,,Active,2026-08-15 11:07:09.551543+00,2026-08-15 11:07:09.551543+00
b72cfab5-d94e-4b99-9ca0-3e388b0050ad,8c154c7b-8f46-4926-b810-368d8953c322,c36728e7-b04a-43ff-b88c-f6b3ba84ef3f,FF-48PS-002,Electrical Distribution Panel,DB,,,,Ground Floor-LV Room,,Electrical,High,,Active,2026-08-15 11:07:09.551543+00,2026-08-15 11:07:09.551543+00
c17a0d09-3917-47dc-bf57-526121d52881,8c154c7b-8f46-4926-b810-368d8953c322,c36728e7-b04a-43ff-b88c-f6b3ba84ef3f,FF-48PS-003,Electrical Distribution Panel,DB,,,,Ground Floor-LV Room,,Electrical,High,,Active,2026-08-15 11:07:09.551543+00,2026-08-15 11:07:09.551543+00
391f7633-1500-45a4-94c4-34b074b09287,8c154c7b-8f46-4926-b810-368d8953c322,c36728e7-b04a-43ff-b88c-f6b3ba84ef3f,FF-48PS-004,Electrical Distribution Panel,SMDB,,,,First Floor-Service Room A-Electrical Room,,Electrical,High,,Active,2026-08-15 11:07:09.551543+00,2026-08-15 11:07:09.551543+00
ea2b2134-1d24-4a68-85c5-456a7e5a61fd,8c154c7b-8f46-4926-b810-368d8953c322,c36728e7-b04a-43ff-b88c-f6b3ba84ef3f,FF-48PS-005,Electrical Distribution Panel,DB,,,,First Floor-Service Room A-Electrical Room,,Electrical,High,,Active,2026-08-15 11:07:09.551543+00,2026-08-15 11:07:09.551543+00
a7282920-6ad4-4ecd-9a3a-4babe7e29913,8c154c7b-8f46-4926-b810-368d8953c322,c36728e7-b04a-43ff-b88c-f6b3ba84ef3f,FF-48PS-006,Electrical Distribution Panel,SMDB,,,,First Floor-Service Room B-Electrical Room,,Electrical,High,,Active,2026-08-15 11:07:09.551543+00,2026-08-15 11:07:09.551543+00
999b1296-9450-4c50-a6b4-8de9ea9ddaea,8c154c7b-8f46-4926-b810-368d8953c322,c36728e7-b04a-43ff-b88c-f6b3ba84ef3f,FF-48PS-007,Electrical Distribution Panel,DB,,,,First Floor-Service Room B-Electrical Room,,Electrical,High,,Active,2026-08-15 11:07:09.551543+00,2026-08-15 11:07:09.551543+00
b0575cea-8cfc-46ec-ac69-6b67afadd44c,8c154c7b-8f46-4926-b810-368d8953c322,c36728e7-b04a-43ff-b88c-f6b3ba84ef3f,FF-48PS-008,Electrical Distribution Panel,SMDB,,,,Second Floor-Service Room A-Electrical Room,,Electrical,High,,Active,2026-08-15 11:07:09.551543+00,2026-08-15 11:07:09.551543+00
cbc4495b-a8f0-4161-96de-511c95a1d323,8c154c7b-8f46-4926-b810-368d8953c322,c36728e7-b04a-43ff-b88c-f6b3ba84ef3f,FF-48PS-009,Electrical Distribution Panel,DB,,,,Second Floor-Service Room A-Electrical Room,,Electrical,High,,Active,2026-08-15 11:07:09.551543+00,2026-08-15 11:07:09.551543+00
dda93c96-17f8-4bef-95fb-ef76ad08cdef,8c154c7b-8f46-4926-b810-368d8953c322,c36728e7-b04a-43ff-b88c-f6b3ba84ef3f,FF-48PS-010,Electrical Distribution Panel,SMDB,,,,Second Floor-Service Room B-Electrical Room,,Electrical,High,,Active,2026-08-15 11:07:09.551543+00,2026-08-15 11:07:09.551543+00
896bfd2a-56c4-4027-a982-066d8668f5b8,8c154c7b-8f46-4926-b810-368d8953c322,c36728e7-b04a-43ff-b88c-f6b3ba84ef3f,FF-48PS-011,Electrical Distribution Panel,DB,,,,Second Floor-Service Room B-Electrical Room,,Electrical,High,,Active,2026-08-15 11:07:09.551543+00,2026-08-15 11:07:09.551543+00
bfada147-07b3-4111-8ef0-2842dbe753da,8c154c7b-8f46-4926-b810-368d8953c322,c36728e7-b04a-43ff-b88c-f6b3ba84ef3f,FF-48PS-012,Electrical Distribution Panel,SMDB,,,,Third Floor-Service Room A-Electrical Room,,Electrical,High,,Active,2026-08-15 11:07:09.551543+00,2026-08-15 11:07:09.551543+00
c346df38-882e-4716-ad1e-4f2ace3390b9,8c154c7b-8f46-4926-b810-368d8953c322,c36728e7-b04a-43ff-b88c-f6b3ba84ef3f,FF-48PS-013,Electrical Distribution Panel,SMDB,,,,Fourth Floor-Service Room A-Electrical Room,,Electrical,High,,Active,2026-08-15 11:07:09.551543+00,2026-08-15 11:07:09.551543+00
5bc3d906-6822-4870-aa26-9ffe374c32c3,8c154c7b-8f46-4926-b810-368d8953c322,c36728e7-b04a-43ff-b88c-f6b3ba84ef3f,FF-48PS-014,Electrical Distribution Panel,SMDB,,,,Fourth Floor-Service Room B-Electrical Room,,Electrical,High,,Active,2026-08-15 11:07:09.551543+00,2026-08-15 11:07:09.551543+00
f2914a31-fd1d-4f94-b5ca-5b15dac835a8,8c154c7b-8f46-4926-b810-368d8953c322,c36728e7-b04a-43ff-b88c-f6b3ba84ef3f,FF-48PS-015,Electrical Distribution Panel,DB,,,,Fourth Floor-Service Room B-Electrical Room,,Electrical,High,,Active,2026-08-15 11:07:09.551543+00,2026-08-15 11:07:09.551543+00
95f6d431-ecee-42c5-a8d2-26dd334bf4e4,8c154c7b-8f46-4926-b810-368d8953c322,c36728e7-b04a-43ff-b88c-f6b3ba84ef3f,FF-48PS-016,Electrical Distribution Panel,DB,,,,Fifth Floor-Service Room A-Electrical Room,,Electrical,High,,Active,2026-08-15 11:07:09.551543+00,2026-08-15 11:07:09.551543+00
9a78265f-f162-443a-ac1c-fe92d8d2ae9c,8c154c7b-8f46-4926-b810-368d8953c322,c36728e7-b04a-43ff-b88c-f6b3ba84ef3f,FF-48PS-017,Electrical Distribution Panel,DB,,,,Fifth Floor-Service Room B-Electrical Room,,Electrical,High,,Active,2026-08-15 11:07:09.551543+00,2026-08-15 11:07:09.551543+00
8a4cf2d7-04fa-45c3-8c49-5ecf0fbd1b6e,8c154c7b-8f46-4926-b810-368d8953c322,c36728e7-b04a-43ff-b88c-f6b3ba84ef3f,FF-48PS-018,Electrical Distribution Panel,SMDB,,,,Fifth Floor-Service Room A-Electrical Room,,Electrical,High,,Active,2026-08-15 11:07:09.551543+00,2026-08-15 11:07:09.551543+00
f867e9fa-6908-406b-96f4-36a7d7e8b17b,8c154c7b-8f46-4926-b810-368d8953c322,c36728e7-b04a-43ff-b88c-f6b3ba84ef3f,FF-48PS-019,Electrical Distribution Panel,SMDB,,,,Fifth Floor-Service Room B-Electrical Room,,Electrical,High,,Active,2026-08-15 11:07:09.551543+00,2026-08-15 11:07:09.551543+00
1f727fd9-7028-4899-8e6e-5653dd1c4e2a,8c154c7b-8f46-4926-b810-368d8953c322,c36728e7-b04a-43ff-b88c-f6b3ba84ef3f,FF-48PS-020,Electrical Distribution Panel,SMDB,,,,Seventh Floor-Service Room A-Electrical Room,,Electrical,High,,Active,2026-08-15 11:07:09.551543+00,2026-08-15 11:07:09.551543+00
84fd743b-39b6-4818-86a3-7b5d98dad860,8c154c7b-8f46-4926-b810-368d8953c322,c36728e7-b04a-43ff-b88c-f6b3ba84ef3f,FF-48PS-021,Electrical Distribution Panel,SMDB,,,,First Floor-Service Room B-Electrical Room,,Electrical,High,,Active,2026-08-15 11:07:09.551543+00,2026-08-15 11:07:09.551543+00
5f991579-181e-4f2b-ac11-6baee8611081,8c154c7b-8f46-4926-b810-368d8953c322,c36728e7-b04a-43ff-b88c-f6b3ba84ef3f,FF-48PS-022,Electrical Distribution Panel,SMDB,,,,First Floor-Service Room A-Electrical Room,,Electrical,High,,Active,2026-08-15 11:07:09.551543+00,2026-08-15 11:07:09.551543+00
eee2a989-4027-4536-8ec1-b805d8408c73,8c154c7b-8f46-4926-b810-368d8953c322,c36728e7-b04a-43ff-b88c-f6b3ba84ef3f,FF-48PS-023,Electrical Distribution Panel,DB,,,,First Floor-Service Room B-Electrical Room,,Electrical,High,,Active,2026-08-15 11:07:09.551543+00,2026-08-15 11:07:09.551543+00
f9453850-a917-49a1-8b08-cad10396e2df,8c154c7b-8f46-4926-b810-368d8953c322,c36728e7-b04a-43ff-b88c-f6b3ba84ef3f,FF-48PS-024,Electrical Distribution Panel,SMDB,,,,Eighth Floor-Service Room A-Electrical Room,,Electrical,High,,Active,2026-08-15 11:07:09.551543+00,2026-08-15 11:07:09.551543+00
9b33f3b9-ea27-4d3b-b34a-ada14ea91fed,8c154c7b-8f46-4926-b810-368d8953c322,c36728e7-b04a-43ff-b88c-f6b3ba84ef3f,FF-48PS-025,Electrical Distribution Panel,DB,,,,First Floor-Service Room A-Electrical Room,,Electrical,High,,Active,2026-08-15 11:07:09.551543+00,2026-08-15 11:07:09.551543+00
86053855-c639-42e8-8666-c733a8580573,8c154c7b-8f46-4926-b810-368d8953c322,c36728e7-b04a-43ff-b88c-f6b3ba84ef3f,FF-48PS-026,Electrical Distribution Panel,SMDB,,,,Ninth Floor-Service Room A-Electrical Room,,Electrical,High,,Active,2026-08-15 11:07:09.551543+00,2026-08-15 11:07:09.551543+00
645c8b7c-c6af-4e13-981d-d38763f2196a,8c154c7b-8f46-4926-b810-368d8953c322,c36728e7-b04a-43ff-b88c-f6b3ba84ef3f,FF-48PS-027,Electrical Distribution Panel,SMDB,,,,Ninth Floor-Service Room A-Electrical Room,,Electrical,High,,Active,2026-08-15 11:07:09.551543+00,2026-08-15 11:07:09.551543+00
0ba1e08e-d6b7-44a4-a910-f6fc5357cf8b,8c154c7b-8f46-4926-b810-368d8953c322,c36728e7-b04a-43ff-b88c-f6b3ba84ef3f,FF-48PS-028,Electrical Distribution Panel,SMDB,,,,RF-Electrical Room A,,Electrical,High,,Active,2026-08-15 11:07:09.551543+00,2026-08-15 11:07:09.551543+00
6daaf5e9-0131-423f-8786-bbbc33c3fb4c,8c154c7b-8f46-4926-b810-368d8953c322,c36728e7-b04a-43ff-b88c-f6b3ba84ef3f,FF-48PS-029,Electrical Distribution Panel,SMDB,,,,RF-Electrical Room B,,Electrical,High,,Active,2026-08-15 11:07:09.551543+00,2026-08-15 11:07:09.551543+00
c8bcc859-9068-43cb-af59-efa36210db45,8c154c7b-8f46-4926-b810-368d8953c322,c36728e7-b04a-43ff-b88c-f6b3ba84ef3f,FF-48PS-030,Electrical Distribution Panel,SMDB,,,,RF-Electrical Room B,,Electrical,High,,Active,2026-08-15 11:07:09.551543+00,2026-08-15 11:07:09.551543+00
14cd8a8d-58a2-4f77-b000-209d1e4776ff,8c154c7b-8f46-4926-b810-368d8953c322,c36728e7-b04a-43ff-b88c-f6b3ba84ef3f,FF-48PS-031,Electrical Distribution Panel,SMDB,,,,RF-Electrical Room A,,Electrical,High,,Active,2026-08-15 11:07:09.551543+00,2026-08-15 11:07:09.551543+00
92caa2bf-7dd7-48ed-bfb9-7a2ea7697c0c,8c154c7b-8f46-4926-b810-368d8953c322,c36728e7-b04a-43ff-b88c-f6b3ba84ef3f,FF-48PS-032,Electrical Distribution Panel,DB,,,,RF-GYM-1,,Electrical,High,,Active,2026-08-15 11:07:09.551543+00,2026-08-15 11:07:09.551543+00
da51549d-71d6-447a-b053-1f17ed89c4c0,8c154c7b-8f46-4926-b810-368d8953c322,c36728e7-b04a-43ff-b88c-f6b3ba84ef3f,FF-48PS-033,Electrical Distribution Panel,DB,,,,RF-GYM-2,,Electrical,High,,Active,2026-08-15 11:07:09.551543+00,2026-08-15 11:07:09.551543+00
98a6244d-5e3f-4fe7-a912-722a71380c7b,8c154c7b-8f46-4926-b810-368d8953c322,c36728e7-b04a-43ff-b88c-f6b3ba84ef3f,FF-48PS-034,Common Area HVAC Unit,ELECTRICAL ROOM 1 ROOF,,,,HVAC-RF-ELE ROOM-1,,HVAC,Normal,,Active,2026-08-15 11:07:09.551543+00,2026-08-15 11:07:09.551543+00
34d3004a-423d-422c-8509-be9e5fd8d7a3,8c154c7b-8f46-4926-b810-368d8953c322,c36728e7-b04a-43ff-b88c-f6b3ba84ef3f,FF-48PS-035,Common Area HVAC Unit,ELECTRICAL ROOM 2 ROOF,,,,HVAC-RF-ELE ROOM-2,,HVAC,Normal,,Active,2026-08-15 11:07:09.551543+00,2026-08-15 11:07:09.551543+00
42475489-08a9-413a-9534-687629c325a6,8c154c7b-8f46-4926-b810-368d8953c322,c36728e7-b04a-43ff-b88c-f6b3ba84ef3f,FF-48PS-036,Common Area HVAC Unit,ENTRANCE HL,,,,HVAC-RF-CORRI,,HVAC,Normal,,Active,2026-08-15 11:07:09.551543+00,2026-08-15 11:07:09.551543+00
a1a7158f-7059-4265-8c5f-22f8e5d7e32b,8c154c7b-8f46-4926-b810-368d8953c322,c36728e7-b04a-43ff-b88c-f6b3ba84ef3f,FF-48PS-037,Common Area HVAC Unit,FEMALE GYM 1,,,,HVAC-RF-GYM1,,HVAC,Medium,,Active,2026-08-15 11:07:09.551543+00,2026-08-15 11:07:09.551543+00
492fcb76-cc64-4961-9452-77e50238ca07,8c154c7b-8f46-4926-b810-368d8953c322,c36728e7-b04a-43ff-b88c-f6b3ba84ef3f,FF-48PS-038,Common Area HVAC Unit,FEMALE GYM 2,,,,HVAC-RF-GYM2,,HVAC,Medium,,Active,2026-08-15 11:07:09.551543+00,2026-08-15 11:07:09.551543+00
602612d6-e0eb-4adf-bb0e-1a7625d2f8ac,8c154c7b-8f46-4926-b810-368d8953c322,c36728e7-b04a-43ff-b88c-f6b3ba84ef3f,FF-48PS-039,Common Area HVAC Unit,GARBAGE ROOM 1,,,,HVAC-GF-GARBAGE ROOM 1,,HVAC,Medium,,Active,2026-08-15 11:07:09.551543+00,2026-08-15 11:07:09.551543+00
c1447d54-9c29-437d-8a0f-ab75246fd6f2,8c154c7b-8f46-4926-b810-368d8953c322,c36728e7-b04a-43ff-b88c-f6b3ba84ef3f,FF-48PS-040,Common Area HVAC Unit,GARBAGE ROOM 2,,,,HVAC-GF- GARBAGE ROOM 2,,HVAC,Medium,,Active,2026-08-15 11:07:09.551543+00,2026-08-15 11:07:09.551543+00
df479158-bad6-4a32-bad2-4424f34de8de,8c154c7b-8f46-4926-b810-368d8953c322,c36728e7-b04a-43ff-b88c-f6b3ba84ef3f,FF-48PS-041,Common Area HVAC Unit,GSM ROOM ROOF,,,,HVAC-RF-GSM ROOM ROOF,,HVAC,Normal,,Active,2026-08-15 11:07:09.551543+00,2026-08-15 11:07:09.551543+00
01e2212c-fc69-44c7-ada3-f1be86b3d086,8c154c7b-8f46-4926-b810-368d8953c322,c36728e7-b04a-43ff-b88c-f6b3ba84ef3f,FF-48PS-042,Common Area HVAC Unit,L1 CORRIDOR A,,,,HVAC-First Floor-CORRIDOR A,,HVAC,Medium,,Active,2026-08-15 11:07:09.551543+00,2026-08-15 11:07:09.551543+00
29ef3fdc-c47d-4f7b-9500-e7010f5b3147,8c154c7b-8f46-4926-b810-368d8953c322,c36728e7-b04a-43ff-b88c-f6b3ba84ef3f,FF-48PS-043,Common Area HVAC Unit,L1 CORRIDOR B,,,,HVAC-First Floor-CORRIDOR B,,HVAC,Medium,,Active,2026-08-15 11:07:09.551543+00,2026-08-15 11:07:09.551543+00
39f8ff54-d943-48b0-ae01-d9d6ba28e882,8c154c7b-8f46-4926-b810-368d8953c322,c36728e7-b04a-43ff-b88c-f6b3ba84ef3f,FF-48PS-044,Common Area HVAC Unit,L2 CORRIDOR A,,,,HVAC-Second Floor-CORRIDOR A,,HVAC,Medium,,Active,2026-08-15 11:07:09.551543+00,2026-08-15 11:07:09.551543+00
db1f54ef-969c-42a6-8634-ff560850d9d1,8c154c7b-8f46-4926-b810-368d8953c322,c36728e7-b04a-43ff-b88c-f6b3ba84ef3f,FF-48PS-045,Common Area HVAC Unit,L2 CORRIDOR B,,,,HVAC-Second Floor-CORRIDOR B,,HVAC,Medium,,Active,2026-08-15 11:07:09.551543+00,2026-08-15 11:07:09.551543+00
dd7bcaa4-3f1e-4d1d-b489-81eaa929653c,8c154c7b-8f46-4926-b810-368d8953c322,c36728e7-b04a-43ff-b88c-f6b3ba84ef3f,FF-48PS-046,Common Area HVAC Unit,L3 CORRIDOR A,,,,HVAC-Third Floor - CORRIDOR A,,HVAC,Medium,,Active,2026-08-15 11:07:09.551543+00,2026-08-15 11:07:09.551543+00
5f146e87-4c25-4ad5-99a1-cc7f74614997,8c154c7b-8f46-4926-b810-368d8953c322,c36728e7-b04a-43ff-b88c-f6b3ba84ef3f,FF-48PS-047,Common Area HVAC Unit,L3 CORRIDOR B,,,,HVAC-Third Floor - CORRIDOR B,,HVAC,Medium,,Active,2026-08-15 11:07:09.551543+00,2026-08-15 11:07:09.551543+00
be85bb98-69c4-4302-9f62-271e4e4d3cfc,8c154c7b-8f46-4926-b810-368d8953c322,c36728e7-b04a-43ff-b88c-f6b3ba84ef3f,FF-48PS-048,Common Area HVAC Unit,L4 CORRIDOR A,,,,HVAC-Fourth Floor - CORRIDOR A,,HVAC,Medium,,Active,2026-08-15 11:07:09.551543+00,2026-08-15 11:07:09.551543+00
f0a7ccf6-137c-4279-b896-689aa487238b,8c154c7b-8f46-4926-b810-368d8953c322,c36728e7-b04a-43ff-b88c-f6b3ba84ef3f,FF-48PS-049,Common Area HVAC Unit,L4 CORRIDOR B,,,,HVAC-Fourth Floor - CORRIDOR B,,HVAC,Medium,,Active,2026-08-15 11:07:09.551543+00,2026-08-15 11:07:09.551543+00
f4a6f088-3dc4-4b16-a73a-f60163cdf953,8c154c7b-8f46-4926-b810-368d8953c322,c36728e7-b04a-43ff-b88c-f6b3ba84ef3f,FF-48PS-050,Common Area HVAC Unit,L5 CORRIDOR A,,,,HVAC-Fifth Floor - CORRIDOR A,,HVAC,Medium,,Active,2026-08-15 11:07:09.551543+00,2026-08-15 11:07:09.551543+00
d9e83a0e-a74f-4faa-a39f-d32ca20b90cb,8c154c7b-8f46-4926-b810-368d8953c322,c36728e7-b04a-43ff-b88c-f6b3ba84ef3f,FF-48PS-051,Common Area HVAC Unit,L5 CORRIDOR B,,,,HVAC-Fifth Floor - CORRIDOR B,,HVAC,Medium,,Active,2026-08-15 11:07:09.551543+00,2026-08-15 11:07:09.551543+00
d8e18632-8d21-4f35-aaa1-04209bf59839,8c154c7b-8f46-4926-b810-368d8953c322,c36728e7-b04a-43ff-b88c-f6b3ba84ef3f,FF-48PS-052,Common Area HVAC Unit,L6 CORRIDOR A,,,,HVAC-Sixth Floor - CORRIDOR A,,HVAC,Medium,,Active,2026-08-15 11:07:09.551543+00,2026-08-15 11:07:09.551543+00
d2bda49b-e573-4241-8ed1-8fac89a6adfc,8c154c7b-8f46-4926-b810-368d8953c322,c36728e7-b04a-43ff-b88c-f6b3ba84ef3f,FF-48PS-053,Common Area HVAC Unit,L6 CORRIDOR B,,,,HVAC-Sixth Floor - CORRIDOR B,,HVAC,Medium,,Active,2026-08-15 11:07:09.551543+00,2026-08-15 11:07:09.551543+00
3a4f45fa-421b-40a8-a5fc-ffc8a1f59f74,8c154c7b-8f46-4926-b810-368d8953c322,c36728e7-b04a-43ff-b88c-f6b3ba84ef3f,FF-48PS-054,Common Area HVAC Unit,L7 CORRIDOR A,,,,HVAC-Seventh Floor - CORRIDOR A,,HVAC,Medium,,Active,2026-08-15 11:07:09.551543+00,2026-08-15 11:07:09.551543+00
4526723c-d9e5-4665-b749-208d745175e5,8c154c7b-8f46-4926-b810-368d8953c322,c36728e7-b04a-43ff-b88c-f6b3ba84ef3f,FF-48PS-055,Common Area HVAC Unit,L7 CORRIDOR B,,,,HVAC-Seventh Floor - CORRIDOR B,,HVAC,Medium,,Active,2026-08-15 11:07:09.551543+00,2026-08-15 11:07:09.551543+00
a1b9fee7-6fb3-4173-be50-a1af276ac8ee,8c154c7b-8f46-4926-b810-368d8953c322,c36728e7-b04a-43ff-b88c-f6b3ba84ef3f,FF-48PS-056,Common Area HVAC Unit,L8 CORRIDOR A,,,,HVAC-Eighth Floor - CORRIDOR A,,HVAC,Medium,,Active,2026-08-15 11:07:09.551543+00,2026-08-15 11:07:09.551543+00
6a20ddf9-681f-45a6-adda-aaffb892afd9,8c154c7b-8f46-4926-b810-368d8953c322,c36728e7-b04a-43ff-b88c-f6b3ba84ef3f,FF-48PS-057,Common Area HVAC Unit,L8 CORRIDOR B,,,,HVAC-Eighth Floor - CORRIDOR B,,HVAC,Medium,,Active,2026-08-15 11:07:09.551543+00,2026-08-15 11:07:09.551543+00
66b137d3-ea05-4486-a6e3-45a5a684ae0d,8c154c7b-8f46-4926-b810-368d8953c322,c36728e7-b04a-43ff-b88c-f6b3ba84ef3f,FF-48PS-058,Common Area HVAC Unit,L9 CORRIDOR A,,,,HVAC-Ninth Floor - CORRIDOR A,,HVAC,Medium,,Active,2026-08-15 11:07:09.551543+00,2026-08-15 11:07:09.551543+00
83faa4ac-2970-4c35-a990-a6f28489de25,8c154c7b-8f46-4926-b810-368d8953c322,c36728e7-b04a-43ff-b88c-f6b3ba84ef3f,FF-48PS-059,Common Area HVAC Unit,L9 CORRIDOR B,,,,HVAC-Ninth Floor - CORRIDOR B,,HVAC,Medium,,Active,2026-08-15 11:07:09.551543+00,2026-08-15 11:07:09.551543+00
df0e535d-c8dc-4719-bc81-10b870492dc2,8c154c7b-8f46-4926-b810-368d8953c322,c36728e7-b04a-43ff-b88c-f6b3ba84ef3f,FF-48PS-060,Common Area HVAC Unit,LOBBY ROOF,,,,HVAC-RF-LOBBY,,HVAC,Medium,,Active,2026-08-15 11:07:09.551543+00,2026-08-15 11:07:09.551543+00
b7371934-2469-424a-8491-ebcbfb03e9b1,8c154c7b-8f46-4926-b810-368d8953c322,c36728e7-b04a-43ff-b88c-f6b3ba84ef3f,FF-48PS-061,Common Area HVAC Unit,LV ROOM GF,,,,HVAC-Ground Floor-LV ROOM,,HVAC,Normal,,Active,2026-08-15 11:07:09.551543+00,2026-08-15 11:07:09.551543+00
dcc273dd-a388-4ea2-8fd2-3b4075b07a4a,8c154c7b-8f46-4926-b810-368d8953c322,c36728e7-b04a-43ff-b88c-f6b3ba84ef3f,FF-48PS-062,Common Area HVAC Unit,MAIN ENTRANCE,,,,HVAC-Ground Floor-MAIN ENTRANCE,,HVAC,Normal,,Active,2026-08-15 11:07:09.551543+00,2026-08-15 11:07:09.551543+00
12ff684f-213b-40af-82ac-9c1f6963bbae,8c154c7b-8f46-4926-b810-368d8953c322,c36728e7-b04a-43ff-b88c-f6b3ba84ef3f,FF-48PS-063,Common Area HVAC Unit,MALE GYM 1,,,,HVAC-RF-MALE GYM 1,,HVAC,Medium,,Active,2026-08-15 11:07:09.551543+00,2026-08-15 11:07:09.551543+00
1bfe0784-d1c2-49e9-8ace-2f9c5df12e19,8c154c7b-8f46-4926-b810-368d8953c322,c36728e7-b04a-43ff-b88c-f6b3ba84ef3f,FF-48PS-064,Common Area HVAC Unit,MALE GYM 2,,,,HVAC-RF-MALE GYM 2,,HVAC,Medium,,Active,2026-08-15 11:07:09.551543+00,2026-08-15 11:07:09.551543+00
394befc2-c159-43a9-9b76-54b5350aa171,8c154c7b-8f46-4926-b810-368d8953c322,c36728e7-b04a-43ff-b88c-f6b3ba84ef3f,FF-48PS-065,Common Area HVAC Unit,POOL PUMP ROOM GF,,,,HVAC-GF-POOL PUMP ROOM,,HVAC,Normal,,Active,2026-08-15 11:07:09.551543+00,2026-08-15 11:07:09.551543+00
8c8675a4-3719-45f2-b43d-1263d5a49ca9,8c154c7b-8f46-4926-b810-368d8953c322,c36728e7-b04a-43ff-b88c-f6b3ba84ef3f,FF-48PS-066,Common Area HVAC Unit,POOL ROOM 1,,,,POOL ROOM 1,,HVAC,Normal,,Active,2026-08-15 11:07:09.551543+00,2026-08-15 11:07:09.551543+00
5921c707-dc6a-4e81-bfd8-fb5ee99fd1f3,8c154c7b-8f46-4926-b810-368d8953c322,c36728e7-b04a-43ff-b88c-f6b3ba84ef3f,FF-48PS-067,Common Area HVAC Unit,POOL ROOM 2,,,,POOL ROOM 2,,HVAC,Normal,,Active,2026-08-15 11:07:09.551543+00,2026-08-15 11:07:09.551543+00
8a40a11b-c4a2-4552-b020-2ee980299d11,8c154c7b-8f46-4926-b810-368d8953c322,c36728e7-b04a-43ff-b88c-f6b3ba84ef3f,FF-48PS-068,Common Area HVAC Unit,POOL ROOM 3,,,,POOL ROOM 3,,HVAC,Normal,,Active,2026-08-15 11:07:09.551543+00,2026-08-15 11:07:09.551543+00
14208cda-e6bb-42ff-a23f-04e3acf2795e,8c154c7b-8f46-4926-b810-368d8953c322,c36728e7-b04a-43ff-b88c-f6b3ba84ef3f,FF-48PS-069,Common Area HVAC Unit,PUMP ROOM,,,,PUMP ROOM,,HVAC,Normal,,Active,2026-08-15 11:07:09.551543+00,2026-08-15 11:07:09.551543+00
4f319c83-3042-49ce-8cd0-8864b745f2d3,8c154c7b-8f46-4926-b810-368d8953c322,c36728e7-b04a-43ff-b88c-f6b3ba84ef3f,FF-48PS-070,Common Area HVAC Unit,SECUIRTY ROOM,,,,SECUIRTY ROOM,,HVAC,Medium,,Active,2026-08-15 11:07:09.551543+00,2026-08-15 11:07:09.551543+00
12056396-8d37-4150-ad9a-c4b822e22b2c,8c154c7b-8f46-4926-b810-368d8953c322,c36728e7-b04a-43ff-b88c-f6b3ba84ef3f,FF-48PS-071,Common Area HVAC Unit,TELEPHONE ROOM GF,,,,TELEPHONE ROOM GF,,HVAC,Normal,,Active,2026-08-15 11:07:09.551543+00,2026-08-15 11:07:09.551543+00
cef93286-b361-4743-a509-a2c76c6a3a83,8c154c7b-8f46-4926-b810-368d8953c322,c36728e7-b04a-43ff-b88c-f6b3ba84ef3f,FF-48PS-072,Fan / FAHU / Ventilation,FAHU,,,,FAHU-1,,HVAC,Normal,,Active,2026-08-15 11:07:09.551543+00,2026-08-15 11:07:09.551543+00
0e66a5a2-ed3d-4e5a-8048-e16ba41f2a4d,8c154c7b-8f46-4926-b810-368d8953c322,c36728e7-b04a-43ff-b88c-f6b3ba84ef3f,FF-48PS-073,Fan / FAHU / Ventilation,FAHU,,,,FAHU-1,,HVAC,Normal,,Active,2026-08-15 11:07:09.551543+00,2026-08-15 11:07:09.551543+00
de7e1d23-bb78-4cb6-a858-a868c608d90a,8c154c7b-8f46-4926-b810-368d8953c322,c36728e7-b04a-43ff-b88c-f6b3ba84ef3f,FF-48PS-074,Fan / FAHU / Ventilation,Ducted Fan,,,,Ducted Fan,,HVAC,Normal,,Active,2026-08-15 11:07:09.551543+00,2026-08-15 11:07:09.551543+00
120b5d3c-d3ba-4d50-9f1b-10e409df99eb,8c154c7b-8f46-4926-b810-368d8953c322,c36728e7-b04a-43ff-b88c-f6b3ba84ef3f,FF-48PS-075,Fan / FAHU / Ventilation,Wall Exhaust Fan,,,,Wall Exhaust Fan,,HVAC,Normal,,Active,2026-08-15 11:07:09.551543+00,2026-08-15 11:07:09.551543+00
54bcd99e-a554-4f16-a6cc-b4c1cb7b7d9c,8c154c7b-8f46-4926-b810-368d8953c322,c36728e7-b04a-43ff-b88c-f6b3ba84ef3f,FF-48PS-076,Fan / FAHU / Ventilation,Smoke Fan,,,,Smoke Fan,,HVAC,Critical,,Active,2026-08-15 11:07:09.551543+00,2026-08-15 11:07:09.551543+00
ed970da6-1b06-4661-ba34-1f3af89ed7a0,8c154c7b-8f46-4926-b810-368d8953c322,c36728e7-b04a-43ff-b88c-f6b3ba84ef3f,FF-48PS-077,Fan / FAHU / Ventilation,Smoke Fan,,,,Smoke Fan,,HVAC,Critical,,Active,2026-08-15 11:07:09.551543+00,2026-08-15 11:07:09.551543+00
9f9b5407-69e4-4133-9911-a5dd0ded5664,8c154c7b-8f46-4926-b810-368d8953c322,c36728e7-b04a-43ff-b88c-f6b3ba84ef3f,FF-48PS-078,Fan / FAHU / Ventilation,Smoke Fan,,,,Smoke Fan,,HVAC,Critical,,Active,2026-08-15 11:07:09.551543+00,2026-08-15 11:07:09.551543+00
f6143481-4be7-4dae-b653-4403c00a71af,8c154c7b-8f46-4926-b810-368d8953c322,c36728e7-b04a-43ff-b88c-f6b3ba84ef3f,FF-48PS-079,Fan / FAHU / Ventilation,Make Up Fan,,,,Make Up Fan,,HVAC,Normal,,Active,2026-08-15 11:07:09.551543+00,2026-08-15 11:07:09.551543+00
9f1168c2-f9d5-4afd-9bae-0d496c2f14c3,8c154c7b-8f46-4926-b810-368d8953c322,c36728e7-b04a-43ff-b88c-f6b3ba84ef3f,FF-48PS-080,Fan / FAHU / Ventilation,Pressurization Fan,,,,Pressurization Fan,,HVAC,Critical,,Active,2026-08-15 11:07:09.551543+00,2026-08-15 11:07:09.551543+00
dc6fc547-b57b-4e38-b880-832962e6c8a6,8c154c7b-8f46-4926-b810-368d8953c322,c36728e7-b04a-43ff-b88c-f6b3ba84ef3f,FF-48PS-081,Fan / FAHU / Ventilation,Pressurization Fan,,,,Pressurization Fan,,HVAC,Critical,,Active,2026-08-15 11:07:09.551543+00,2026-08-15 11:07:09.551543+00
6f1b3bb7-8956-401f-a0ed-ff9682b928a6,8c154c7b-8f46-4926-b810-368d8953c322,c36728e7-b04a-43ff-b88c-f6b3ba84ef3f,FF-48PS-082,Apartment HVAC Unit,Flat 101,,,,HVAC-First Floor-101,,HVAC,Normal,,Active,2026-08-15 11:07:09.551543+00,2026-08-15 11:07:09.551543+00
7f707441-041f-4a70-a097-cb4b0ec3a879,8c154c7b-8f46-4926-b810-368d8953c322,c36728e7-b04a-43ff-b88c-f6b3ba84ef3f,FF-48PS-083,Apartment HVAC Unit,Flat 102,,,,HVAC-First Floor-102,,HVAC,Normal,,Active,2026-08-15 11:07:09.551543+00,2026-08-15 11:07:09.551543+00
368320a7-38a3-4429-9f43-f0b63a72dcfb,8c154c7b-8f46-4926-b810-368d8953c322,c36728e7-b04a-43ff-b88c-f6b3ba84ef3f,FF-48PS-084,Apartment HVAC Unit,Flat 103,,,,HVAC-First Floor-103,,HVAC,Normal,,Active,2026-08-15 11:07:09.551543+00,2026-08-15 11:07:09.551543+00
a06dec3f-bf5a-42bd-8e2d-4c22c1d03094,8c154c7b-8f46-4926-b810-368d8953c322,c36728e7-b04a-43ff-b88c-f6b3ba84ef3f,FF-48PS-085,Apartment HVAC Unit,Flat 104 A,,,,HVAC-First Floor-104 A,,HVAC,Normal,,Active,2026-08-15 11:07:09.551543+00,2026-08-15 11:07:09.551543+00
4fd46220-64ee-420c-88ea-bb2a17a9f2eb,8c154c7b-8f46-4926-b810-368d8953c322,c36728e7-b04a-43ff-b88c-f6b3ba84ef3f,FF-48PS-086,Apartment HVAC Unit,Flat 104 B,,,,HVAC-First Floor-104 B,,HVAC,Normal,,Active,2026-08-15 11:07:09.551543+00,2026-08-15 11:07:09.551543+00
ac434bc6-8bb9-41ab-8e82-9f660415acae,8c154c7b-8f46-4926-b810-368d8953c322,c36728e7-b04a-43ff-b88c-f6b3ba84ef3f,FF-48PS-087,Apartment HVAC Unit,Flat 105 A,,,,HVAC-First Floor-105 A,,HVAC,Normal,,Active,2026-08-15 11:07:09.551543+00,2026-08-15 11:07:09.551543+00
4dff4b22-3f06-4319-905b-6a016fdc9b1a,8c154c7b-8f46-4926-b810-368d8953c322,c36728e7-b04a-43ff-b88c-f6b3ba84ef3f,FF-48PS-088,Apartment HVAC Unit,Flat 105 B,,,,HVAC-First Floor-105 B,,HVAC,Normal,,Active,2026-08-15 11:07:09.551543+00,2026-08-15 11:07:09.551543+00
515ba9a2-abea-486c-ba7c-e73df517d2dc,8c154c7b-8f46-4926-b810-368d8953c322,c36728e7-b04a-43ff-b88c-f6b3ba84ef3f,FF-48PS-089,Apartment HVAC Unit,Flat 106 A,,,,HVAC-First Floor-106 A,,HVAC,Normal,,Active,2026-08-15 11:07:09.551543+00,2026-08-15 11:07:09.551543+00
e38317e5-47f1-4d11-9d44-4054906cf3b3,8c154c7b-8f46-4926-b810-368d8953c322,c36728e7-b04a-43ff-b88c-f6b3ba84ef3f,FF-48PS-090,Apartment HVAC Unit,Flat 106 B,,,,HVAC-First Floor-106 B,,HVAC,Normal,,Active,2026-08-15 11:07:09.551543+00,2026-08-15 11:07:09.551543+00
34414901-df46-48ae-9652-c662611322e0,8c154c7b-8f46-4926-b810-368d8953c322,c36728e7-b04a-43ff-b88c-f6b3ba84ef3f,FF-48PS-091,Apartment HVAC Unit,Flat 107,,,,HVAC-First Floor-107,,HVAC,Normal,,Active,2026-08-15 11:07:09.551543+00,2026-08-15 11:07:09.551543+00
d9c06633-21ee-46f2-a558-efa951822e32,8c154c7b-8f46-4926-b810-368d8953c322,c36728e7-b04a-43ff-b88c-f6b3ba84ef3f,FF-48PS-092,Apartment HVAC Unit,Flat 108,,,,HVAC-First Floor-108,,HVAC,Normal,,Active,2026-08-15 11:07:09.551543+00,2026-08-15 11:07:09.551543+00
3f9a7943-d04b-43e3-b886-8a0dc759cb1b,8c154c7b-8f46-4926-b810-368d8953c322,c36728e7-b04a-43ff-b88c-f6b3ba84ef3f,FF-48PS-093,Apartment HVAC Unit,Flat 109,,,,HVAC-First Floor-109,,HVAC,Normal,,Active,2026-08-15 11:07:09.551543+00,2026-08-15 11:07:09.551543+00
bc649370-1cb9-446f-aa80-70401b822819,8c154c7b-8f46-4926-b810-368d8953c322,c36728e7-b04a-43ff-b88c-f6b3ba84ef3f,FF-48PS-094,Apartment HVAC Unit,Flat 110,,,,HVAC-First Floor-110,,HVAC,Normal,,Active,2026-08-15 11:07:09.551543+00,2026-08-15 11:07:09.551543+00
4683f4b1-68ee-4e22-8fe2-ad2c40e826b5,8c154c7b-8f46-4926-b810-368d8953c322,c36728e7-b04a-43ff-b88c-f6b3ba84ef3f,FF-48PS-095,Apartment HVAC Unit,Flat 111 A,,,,HVAC-First Floor-111 A,,HVAC,Normal,,Active,2026-08-15 11:07:09.551543+00,2026-08-15 11:07:09.551543+00
a1516196-7ee4-42e6-b0d5-8bfe6c3439dd,8c154c7b-8f46-4926-b810-368d8953c322,c36728e7-b04a-43ff-b88c-f6b3ba84ef3f,FF-48PS-096,Apartment HVAC Unit,Flat 111 B,,,,HVAC-First Floor-111 B,,HVAC,Normal,,Active,2026-08-15 11:07:09.551543+00,2026-08-15 11:07:09.551543+00
2339ab5b-debe-4742-9bad-7ed3b2880418,8c154c7b-8f46-4926-b810-368d8953c322,c36728e7-b04a-43ff-b88c-f6b3ba84ef3f,FF-48PS-097,Apartment HVAC Unit,Flat 112 A,,,,HVAC-First Floor-112 A,,HVAC,Normal,,Active,2026-08-15 11:07:09.551543+00,2026-08-15 11:07:09.551543+00
6b104ea4-cb20-4323-87f0-e834dcdde847,8c154c7b-8f46-4926-b810-368d8953c322,c36728e7-b04a-43ff-b88c-f6b3ba84ef3f,FF-48PS-098,Apartment HVAC Unit,Flat 112 B,,,,HVAC-First Floor-112 B,,HVAC,Normal,,Active,2026-08-15 11:07:09.551543+00,2026-08-15 11:07:09.551543+00
2354f6e9-65b8-4083-888c-0226cd028777,8c154c7b-8f46-4926-b810-368d8953c322,c36728e7-b04a-43ff-b88c-f6b3ba84ef3f,FF-48PS-099,Apartment HVAC Unit,Flat 113,,,,HVAC-First Floor-113,,HVAC,Normal,,Active,2026-08-15 11:07:09.551543+00,2026-08-15 11:07:09.551543+00
eaeecb52-c834-4492-be08-5fc5ea012583,8c154c7b-8f46-4926-b810-368d8953c322,c36728e7-b04a-43ff-b88c-f6b3ba84ef3f,FF-48PS-100,Apartment HVAC Unit,Flat 114 A,,,,HVAC-First Floor-114 A,,HVAC,Normal,,Active,2026-08-15 11:07:09.551543+00,2026-08-15 11:07:09.551543+00
1861a156-bdce-4293-8be3-c70b7d9fa464,8c154c7b-8f46-4926-b810-368d8953c322,c36728e7-b04a-43ff-b88c-f6b3ba84ef3f,FF-48PS-101,Apartment HVAC Unit,Flat 114 B,,,,HVAC-First Floor-114 B,,HVAC,Normal,,Active,2026-08-15 11:07:09.551543+00,2026-08-15 11:07:09.551543+00
7c3b6141-2b83-473d-b7b9-2a7b7f4e7a15,8c154c7b-8f46-4926-b810-368d8953c322,c36728e7-b04a-43ff-b88c-f6b3ba84ef3f,FF-48PS-102,Apartment HVAC Unit,Flat 115 A,,,,HVAC-First Floor-115 A,,HVAC,Normal,,Active,2026-08-15 11:07:09.551543+00,2026-08-15 11:07:09.551543+00
91696129-4f6a-47f3-83ba-f1f5bc3baabf,8c154c7b-8f46-4926-b810-368d8953c322,c36728e7-b04a-43ff-b88c-f6b3ba84ef3f,FF-48PS-103,Apartment HVAC Unit,Flat 115 B,,,,HVAC-First Floor-115 B,,HVAC,Normal,,Active,2026-08-15 11:07:09.551543+00,2026-08-15 11:07:09.551543+00
b5593b73-d902-43b0-85f3-c0bb32e3f6e4,8c154c7b-8f46-4926-b810-368d8953c322,c36728e7-b04a-43ff-b88c-f6b3ba84ef3f,FF-48PS-104,Apartment HVAC Unit,Flat 116,,,,HVAC-First Floor-116,,HVAC,Normal,,Active,2026-08-15 11:07:09.551543+00,2026-08-15 11:07:09.551543+00
85288db3-41e7-4034-94cc-6eefda1a0477,8c154c7b-8f46-4926-b810-368d8953c322,c36728e7-b04a-43ff-b88c-f6b3ba84ef3f,FF-48PS-105,Apartment HVAC Unit,Flat 117 A,,,,HVAC-First Floor-117 A,,HVAC,Normal,,Active,2026-08-15 11:07:09.551543+00,2026-08-15 11:07:09.551543+00
2a08fa8e-321f-4f38-90cd-f0238115dfe0,8c154c7b-8f46-4926-b810-368d8953c322,c36728e7-b04a-43ff-b88c-f6b3ba84ef3f,FF-48PS-106,Apartment HVAC Unit,Flat 117 B,,,,HVAC-First Floor-117 B,,HVAC,Normal,,Active,2026-08-15 11:07:09.551543+00,2026-08-15 11:07:09.551543+00
72511c39-8b6c-4ce3-8cfe-153b76c3ecdf,8c154c7b-8f46-4926-b810-368d8953c322,c36728e7-b04a-43ff-b88c-f6b3ba84ef3f,FF-48PS-107,Apartment HVAC Unit,Flat 118,,,,HVAC-First Floor-118,,HVAC,Normal,,Active,2026-08-15 11:07:09.551543+00,2026-08-15 11:07:09.551543+00
255a0282-d98c-4bd6-b088-3f107a376031,8c154c7b-8f46-4926-b810-368d8953c322,c36728e7-b04a-43ff-b88c-f6b3ba84ef3f,FF-48PS-108,Apartment HVAC Unit,Flat 119 A,,,,HVAC-First Floor-119 A,,HVAC,Normal,,Active,2026-08-15 11:07:09.551543+00,2026-08-15 11:07:09.551543+00
9adacfd5-4e89-4e93-8263-1789fd14c85e,8c154c7b-8f46-4926-b810-368d8953c322,c36728e7-b04a-43ff-b88c-f6b3ba84ef3f,FF-48PS-109,Apartment HVAC Unit,Flat 119 B,,,,HVAC-First Floor-119 B,,HVAC,Normal,,Active,2026-08-15 11:07:09.551543+00,2026-08-15 11:07:09.551543+00
72e67ca1-a698-48ba-b6b9-4c5f931d7dc2,8c154c7b-8f46-4926-b810-368d8953c322,c36728e7-b04a-43ff-b88c-f6b3ba84ef3f,FF-48PS-110,Apartment HVAC Unit,Flat 201,,,,HVAC-Second Floor-201,,HVAC,Normal,,Active,2026-08-15 11:07:09.551543+00,2026-08-15 11:07:09.551543+00
cc6922e1-d2b7-47ff-a349-9d64fde4ffe5,8c154c7b-8f46-4926-b810-368d8953c322,c36728e7-b04a-43ff-b88c-f6b3ba84ef3f,FF-48PS-111,Apartment HVAC Unit,Flat 202,,,,HVAC-Second Floor-202,,HVAC,Normal,,Active,2026-08-15 11:07:09.551543+00,2026-08-15 11:07:09.551543+00
20dbd13c-1bce-417e-9059-8ea6a0b2f0de,8c154c7b-8f46-4926-b810-368d8953c322,c36728e7-b04a-43ff-b88c-f6b3ba84ef3f,FF-48PS-112,Apartment HVAC Unit,Flat 202,,,,HVAC-Second Floor-202,,HVAC,Normal,,Active,2026-08-15 11:07:09.551543+00,2026-08-15 11:07:09.551543+00
e1106d87-8e7e-4845-9b03-ec775bbd9c9b,8c154c7b-8f46-4926-b810-368d8953c322,c36728e7-b04a-43ff-b88c-f6b3ba84ef3f,FF-48PS-113,Apartment HVAC Unit,Flat 203,,,,HVAC-Second Floor-203,,HVAC,Normal,,Active,2026-08-15 11:07:09.551543+00,2026-08-15 11:07:09.551543+00
12d852a5-f0a6-4054-9ea0-cfff8639af33,8c154c7b-8f46-4926-b810-368d8953c322,c36728e7-b04a-43ff-b88c-f6b3ba84ef3f,FF-48PS-114,Apartment HVAC Unit,Flat 204 A,,,,HVAC-Second Floor-204 A,,HVAC,Normal,,Active,2026-08-15 11:07:09.551543+00,2026-08-15 11:07:09.551543+00
7125cbe3-0540-4d0e-9d49-39cfc43b4309,8c154c7b-8f46-4926-b810-368d8953c322,c36728e7-b04a-43ff-b88c-f6b3ba84ef3f,FF-48PS-115,Apartment HVAC Unit,Flat 204 B,,,,HVAC-Second Floor-204 B,,HVAC,Normal,,Active,2026-08-15 11:07:09.551543+00,2026-08-15 11:07:09.551543+00
bad2dcbd-0df5-4a6a-952a-1f94a6643d1d,8c154c7b-8f46-4926-b810-368d8953c322,c36728e7-b04a-43ff-b88c-f6b3ba84ef3f,FF-48PS-116,Apartment HVAC Unit,Flat 205 A,,,,HVAC-Second Floor-205 A,,HVAC,Normal,,Active,2026-08-15 11:07:09.551543+00,2026-08-15 11:07:09.551543+00
334c1f01-e256-4ede-bf23-828ffdb5efe7,8c154c7b-8f46-4926-b810-368d8953c322,c36728e7-b04a-43ff-b88c-f6b3ba84ef3f,FF-48PS-117,Apartment HVAC Unit,Flat 205 B,,,,HVAC-Second Floor-205 B,,HVAC,Normal,,Active,2026-08-15 11:07:09.551543+00,2026-08-15 11:07:09.551543+00
f9b76c0f-f5c4-471c-b121-f925ea374f65,8c154c7b-8f46-4926-b810-368d8953c322,c36728e7-b04a-43ff-b88c-f6b3ba84ef3f,FF-48PS-118,Apartment HVAC Unit,Flat 206 A,,,,HVAC-Second Floor-206 A,,HVAC,Normal,,Active,2026-08-15 11:07:09.551543+00,2026-08-15 11:07:09.551543+00
76418fe9-8e35-4fd1-af0e-c74ad16eaefe,8c154c7b-8f46-4926-b810-368d8953c322,c36728e7-b04a-43ff-b88c-f6b3ba84ef3f,FF-48PS-119,Apartment HVAC Unit,Flat 206 B,,,,HVAC-Second Floor-206 B,,HVAC,Normal,,Active,2026-08-15 11:07:09.551543+00,2026-08-15 11:07:09.551543+00
ea59177a-5bab-449d-b18f-29d2dc7088e0,8c154c7b-8f46-4926-b810-368d8953c322,c36728e7-b04a-43ff-b88c-f6b3ba84ef3f,FF-48PS-120,Apartment HVAC Unit,Flat 207,,,,HVAC-Second Floor-207,,HVAC,Normal,,Active,2026-08-15 11:07:09.551543+00,2026-08-15 11:07:09.551543+00
cc806392-f85b-4a87-9903-0eb3d01aea2d,8c154c7b-8f46-4926-b810-368d8953c322,c36728e7-b04a-43ff-b88c-f6b3ba84ef3f,FF-48PS-121,Apartment HVAC Unit,Flat 208,,,,HVAC-Second Floor-208,,HVAC,Normal,,Active,2026-08-15 11:07:09.551543+00,2026-08-15 11:07:09.551543+00
d81529f2-5dee-4ad8-acfb-9dd7fe0fee5b,8c154c7b-8f46-4926-b810-368d8953c322,c36728e7-b04a-43ff-b88c-f6b3ba84ef3f,FF-48PS-122,Apartment HVAC Unit,Flat 209,,,,HVAC-Second Floor-209,,HVAC,Normal,,Active,2026-08-15 11:07:09.551543+00,2026-08-15 11:07:09.551543+00
ef7cd6bf-7e0a-4c63-aec3-4a0aac201a90,8c154c7b-8f46-4926-b810-368d8953c322,c36728e7-b04a-43ff-b88c-f6b3ba84ef3f,FF-48PS-123,Apartment HVAC Unit,Flat 210,,,,HVAC-Second Floor-210,,HVAC,Normal,,Active,2026-08-15 11:07:09.551543+00,2026-08-15 11:07:09.551543+00
dc13a3ae-1d4b-4010-95da-5a684f6d1ae3,8c154c7b-8f46-4926-b810-368d8953c322,c36728e7-b04a-43ff-b88c-f6b3ba84ef3f,FF-48PS-124,Apartment HVAC Unit,Flat 211,,,,HVAC-Second Floor-211,,HVAC,Normal,,Active,2026-08-15 11:07:09.551543+00,2026-08-15 11:07:09.551543+00
570a6725-1740-4d92-9fde-6585dd0e12b0,8c154c7b-8f46-4926-b810-368d8953c322,c36728e7-b04a-43ff-b88c-f6b3ba84ef3f,FF-48PS-125,Apartment HVAC Unit,Flat 212,,,,HVAC-Second Floor-212,,HVAC,Normal,,Active,2026-08-15 11:07:09.551543+00,2026-08-15 11:07:09.551543+00
cc59ac65-27a4-44ab-ae63-1cb2315c0514,8c154c7b-8f46-4926-b810-368d8953c322,c36728e7-b04a-43ff-b88c-f6b3ba84ef3f,FF-48PS-126,Apartment HVAC Unit,Flat 213,,,,HVAC-Second Floor-213,,HVAC,Normal,,Active,2026-08-15 11:07:09.551543+00,2026-08-15 11:07:09.551543+00
b3d4e622-12be-40bb-9a58-28ad2ec8e2db,8c154c7b-8f46-4926-b810-368d8953c322,c36728e7-b04a-43ff-b88c-f6b3ba84ef3f,FF-48PS-127,Apartment HVAC Unit,Flat 214 A,,,,HVAC-Second Floor-214 A,,HVAC,Normal,,Active,2026-08-15 11:07:09.551543+00,2026-08-15 11:07:09.551543+00
f3be91c8-c113-41ca-8124-908b1f3a27fc,8c154c7b-8f46-4926-b810-368d8953c322,c36728e7-b04a-43ff-b88c-f6b3ba84ef3f,FF-48PS-128,Apartment HVAC Unit,Flat 214 B,,,,HVAC-Second Floor-214 B,,HVAC,Normal,,Active,2026-08-15 11:07:09.551543+00,2026-08-15 11:07:09.551543+00
534707b2-55f5-4307-a9a4-33c0da0b1fb9,8c154c7b-8f46-4926-b810-368d8953c322,c36728e7-b04a-43ff-b88c-f6b3ba84ef3f,FF-48PS-129,Apartment HVAC Unit,Flat 215,,,,HVAC-Second Floor-215,,HVAC,Normal,,Active,2026-08-15 11:07:09.551543+00,2026-08-15 11:07:09.551543+00
e6893371-ea6f-437b-b23c-c3dcbeb98aab,8c154c7b-8f46-4926-b810-368d8953c322,c36728e7-b04a-43ff-b88c-f6b3ba84ef3f,FF-48PS-130,Apartment HVAC Unit,Flat 216 A,,,,HVAC-Second Floor-216 A,,HVAC,Normal,,Active,2026-08-15 11:07:09.551543+00,2026-08-15 11:07:09.551543+00
a9a54908-a68f-481f-86b4-5acb7c4e65c8,8c154c7b-8f46-4926-b810-368d8953c322,c36728e7-b04a-43ff-b88c-f6b3ba84ef3f,FF-48PS-131,Apartment HVAC Unit,Flat 216 B,,,,HVAC-Second Floor-216 B,,HVAC,Normal,,Active,2026-08-15 11:07:09.551543+00,2026-08-15 11:07:09.551543+00
713f5eb6-81ae-4c1c-b931-e6da9787bf1a,8c154c7b-8f46-4926-b810-368d8953c322,c36728e7-b04a-43ff-b88c-f6b3ba84ef3f,FF-48PS-132,Apartment HVAC Unit,Flat 217 A,,,,HVAC-Second Floor-217 A,,HVAC,Normal,,Active,2026-08-15 11:07:09.551543+00,2026-08-15 11:07:09.551543+00
ff29091c-c388-4df9-b697-eeeaf1b9c4f8,8c154c7b-8f46-4926-b810-368d8953c322,c36728e7-b04a-43ff-b88c-f6b3ba84ef3f,FF-48PS-133,Apartment HVAC Unit,Flat 217 B,,,,HVAC-Second Floor-217 B,,HVAC,Normal,,Active,2026-08-15 11:07:09.551543+00,2026-08-15 11:07:09.551543+00
059fa340-e796-4f2d-88ed-6985b7b9c50f,8c154c7b-8f46-4926-b810-368d8953c322,c36728e7-b04a-43ff-b88c-f6b3ba84ef3f,FF-48PS-134,Apartment HVAC Unit,Flat 218,,,,HVAC-Second Floor-218,,HVAC,Normal,,Active,2026-08-15 11:07:09.551543+00,2026-08-15 11:07:09.551543+00
a9d46828-0120-4552-8616-195306237e65,8c154c7b-8f46-4926-b810-368d8953c322,c36728e7-b04a-43ff-b88c-f6b3ba84ef3f,FF-48PS-135,Apartment HVAC Unit,Flat 219 A,,,,HVAC-Second Floor-219 A,,HVAC,Normal,,Active,2026-08-15 11:07:09.551543+00,2026-08-15 11:07:09.551543+00
3c62b0e9-1b74-471d-8b53-1c60fbdf9830,8c154c7b-8f46-4926-b810-368d8953c322,c36728e7-b04a-43ff-b88c-f6b3ba84ef3f,FF-48PS-136,Apartment HVAC Unit,Flat 219 B,,,,HVAC-Second Floor-219 B,,HVAC,Normal,,Active,2026-08-15 11:07:09.551543+00,2026-08-15 11:07:09.551543+00
0356448a-25bf-4abb-9af3-94df23eadc3e,8c154c7b-8f46-4926-b810-368d8953c322,c36728e7-b04a-43ff-b88c-f6b3ba84ef3f,FF-48PS-137,Apartment HVAC Unit,Flat 220,,,,HVAC-Second Floor-220,,HVAC,Normal,,Active,2026-08-15 11:07:09.551543+00,2026-08-15 11:07:09.551543+00
7d745672-3c86-49d3-a9f0-be9bd6d8be40,8c154c7b-8f46-4926-b810-368d8953c322,c36728e7-b04a-43ff-b88c-f6b3ba84ef3f,FF-48PS-138,Apartment HVAC Unit,Flat 221 A,,,,HVAC-Second Floor-221 A,,HVAC,Normal,,Active,2026-08-15 11:07:09.551543+00,2026-08-15 11:07:09.551543+00
3c8db160-16f4-4e01-b146-77552a55f1b7,8c154c7b-8f46-4926-b810-368d8953c322,c36728e7-b04a-43ff-b88c-f6b3ba84ef3f,FF-48PS-139,Apartment HVAC Unit,Flat 221 B,,,,HVAC-Second Floor-221 B,,HVAC,Normal,,Active,2026-08-15 11:07:09.551543+00,2026-08-15 11:07:09.551543+00
c9d8f916-9be9-43eb-90ca-c8f5e2633919,8c154c7b-8f46-4926-b810-368d8953c322,c36728e7-b04a-43ff-b88c-f6b3ba84ef3f,FF-48PS-140,Apartment HVAC Unit,Flat 301,,,,HVAC-Third Floor-301,,HVAC,Normal,,Active,2026-08-15 11:07:09.551543+00,2026-08-15 11:07:09.551543+00
b86d2c01-aa06-440f-aa79-ff00aaea73d7,8c154c7b-8f46-4926-b810-368d8953c322,c36728e7-b04a-43ff-b88c-f6b3ba84ef3f,FF-48PS-141,Apartment HVAC Unit,Flat 302,,,,HVAC-Third Floor-302,,HVAC,Normal,,Active,2026-08-15 11:07:09.551543+00,2026-08-15 11:07:09.551543+00
7e20c214-5e91-471a-a0fc-33ad712bd23f,8c154c7b-8f46-4926-b810-368d8953c322,c36728e7-b04a-43ff-b88c-f6b3ba84ef3f,FF-48PS-142,Apartment HVAC Unit,Flat 303,,,,HVAC-Third Floor-303,,HVAC,Normal,,Active,2026-08-15 11:07:09.551543+00,2026-08-15 11:07:09.551543+00
553aa747-446f-4a45-937f-e26b07861cfd,8c154c7b-8f46-4926-b810-368d8953c322,c36728e7-b04a-43ff-b88c-f6b3ba84ef3f,FF-48PS-143,Apartment HVAC Unit,Flat 304 A,,,,HVAC-Third Floor-304 A,,HVAC,Normal,,Active,2026-08-15 11:07:09.551543+00,2026-08-15 11:07:09.551543+00
35472631-00dc-4c1d-9a28-9cd8ebb3afe4,8c154c7b-8f46-4926-b810-368d8953c322,c36728e7-b04a-43ff-b88c-f6b3ba84ef3f,FF-48PS-144,Apartment HVAC Unit,Flat 304 B,,,,HVAC-Third Floor-304 B,,HVAC,Normal,,Active,2026-08-15 11:07:09.551543+00,2026-08-15 11:07:09.551543+00
2140b016-4df4-41e4-8a63-3779624d2205,8c154c7b-8f46-4926-b810-368d8953c322,c36728e7-b04a-43ff-b88c-f6b3ba84ef3f,FF-48PS-145,Apartment HVAC Unit,Flat 305 A,,,,HVAC-Third Floor-305 A,,HVAC,Normal,,Active,2026-08-15 11:07:09.551543+00,2026-08-15 11:07:09.551543+00
52782b2d-7ffb-4e42-83df-71365f2f5022,8c154c7b-8f46-4926-b810-368d8953c322,c36728e7-b04a-43ff-b88c-f6b3ba84ef3f,FF-48PS-146,Apartment HVAC Unit,Flat 305 B,,,,HVAC-Third Floor-305 B,,HVAC,Normal,,Active,2026-08-15 11:07:09.551543+00,2026-08-15 11:07:09.551543+00
1580680a-1c1f-4693-8fa3-08190fad1554,8c154c7b-8f46-4926-b810-368d8953c322,c36728e7-b04a-43ff-b88c-f6b3ba84ef3f,FF-48PS-147,Apartment HVAC Unit,Flat 306 A,,,,HVAC-Third Floor-306 A,,HVAC,Normal,,Active,2026-08-15 11:07:09.551543+00,2026-08-15 11:07:09.551543+00
7b8bcb46-05b3-4dcf-ab73-610b877fd991,8c154c7b-8f46-4926-b810-368d8953c322,c36728e7-b04a-43ff-b88c-f6b3ba84ef3f,FF-48PS-148,Apartment HVAC Unit,Flat 306 B,,,,HVAC-Third Floor-306 B,,HVAC,Normal,,Active,2026-08-15 11:07:09.551543+00,2026-08-15 11:07:09.551543+00
1d71e56e-b14d-493a-a25d-c3b31d1c365a,8c154c7b-8f46-4926-b810-368d8953c322,c36728e7-b04a-43ff-b88c-f6b3ba84ef3f,FF-48PS-149,Apartment HVAC Unit,Flat 307,,,,HVAC-Third Floor-307,,HVAC,Normal,,Active,2026-08-15 11:07:09.551543+00,2026-08-15 11:07:09.551543+00
82a4fcda-e66d-404c-bc9c-abc33bfca7b8,8c154c7b-8f46-4926-b810-368d8953c322,c36728e7-b04a-43ff-b88c-f6b3ba84ef3f,FF-48PS-150,Apartment HVAC Unit,Flat 308,,,,HVAC-Third Floor-308,,HVAC,Normal,,Active,2026-08-15 11:07:09.551543+00,2026-08-15 11:07:09.551543+00
a000336a-4c8c-4f17-b87b-175531428cd5,8c154c7b-8f46-4926-b810-368d8953c322,c36728e7-b04a-43ff-b88c-f6b3ba84ef3f,FF-48PS-151,Apartment HVAC Unit,Flat 309,,,,HVAC-Third Floor-309,,HVAC,Normal,,Active,2026-08-15 11:07:09.551543+00,2026-08-15 11:07:09.551543+00
bd8bfd53-e926-4de4-be80-3646d6c4cd40,8c154c7b-8f46-4926-b810-368d8953c322,c36728e7-b04a-43ff-b88c-f6b3ba84ef3f,FF-48PS-152,Apartment HVAC Unit,Flat 310,,,,HVAC-Third Floor-310,,HVAC,Normal,,Active,2026-08-15 11:07:09.551543+00,2026-08-15 11:07:09.551543+00
19eeb591-ed08-49fe-b9d9-417ef54ca92b,8c154c7b-8f46-4926-b810-368d8953c322,c36728e7-b04a-43ff-b88c-f6b3ba84ef3f,FF-48PS-153,Apartment HVAC Unit,Flat 311,,,,HVAC-Third Floor-311,,HVAC,Normal,,Active,2026-08-15 11:07:09.551543+00,2026-08-15 11:07:09.551543+00
e6ef72a8-76e6-47c4-b3fa-dd642a6008dc,8c154c7b-8f46-4926-b810-368d8953c322,c36728e7-b04a-43ff-b88c-f6b3ba84ef3f,FF-48PS-154,Apartment HVAC Unit,Flat 312,,,,HVAC-Third Floor-312,,HVAC,Normal,,Active,2026-08-15 11:07:09.551543+00,2026-08-15 11:07:09.551543+00
77d05699-0d84-4941-9d0b-0f9e3e9da6ef,8c154c7b-8f46-4926-b810-368d8953c322,c36728e7-b04a-43ff-b88c-f6b3ba84ef3f,FF-48PS-155,Apartment HVAC Unit,Flat 313,,,,HVAC-Third Floor-313,,HVAC,Normal,,Active,2026-08-15 11:07:09.551543+00,2026-08-15 11:07:09.551543+00
9846991c-2daa-4444-882a-7950c14bb75b,8c154c7b-8f46-4926-b810-368d8953c322,c36728e7-b04a-43ff-b88c-f6b3ba84ef3f,FF-48PS-156,Apartment HVAC Unit,Flat 314 A,,,,HVAC-Third Floor-314 A,,HVAC,Normal,,Active,2026-08-15 11:07:09.551543+00,2026-08-15 11:07:09.551543+00
7e4a2380-707e-451e-8fb0-197b79bebf87,8c154c7b-8f46-4926-b810-368d8953c322,c36728e7-b04a-43ff-b88c-f6b3ba84ef3f,FF-48PS-157,Apartment HVAC Unit,Flat 314 B,,,,HVAC-Third Floor-314 B,,HVAC,Normal,,Active,2026-08-15 11:07:09.551543+00,2026-08-15 11:07:09.551543+00
771ad3c6-733e-48cc-a7b6-11e69df90398,8c154c7b-8f46-4926-b810-368d8953c322,c36728e7-b04a-43ff-b88c-f6b3ba84ef3f,FF-48PS-158,Apartment HVAC Unit,Flat 315,,,,HVAC-Third Floor-315,,HVAC,Normal,,Active,2026-08-15 11:07:09.551543+00,2026-08-15 11:07:09.551543+00
ce76b250-49d9-43c2-b28e-45a98d3f5dd7,8c154c7b-8f46-4926-b810-368d8953c322,c36728e7-b04a-43ff-b88c-f6b3ba84ef3f,FF-48PS-159,Apartment HVAC Unit,Flat 316 A,,,,HVAC-Third Floor-316 A,,HVAC,Normal,,Active,2026-08-15 11:07:09.551543+00,2026-08-15 11:07:09.551543+00
a73c6c68-5ca0-4f64-8b15-7be5dd6aea25,8c154c7b-8f46-4926-b810-368d8953c322,c36728e7-b04a-43ff-b88c-f6b3ba84ef3f,FF-48PS-160,Apartment HVAC Unit,Flat 316 B,,,,HVAC-Third Floor-316 B,,HVAC,Normal,,Active,2026-08-15 11:07:09.551543+00,2026-08-15 11:07:09.551543+00
af99c339-00fe-43c1-8a9b-ac94676d6727,8c154c7b-8f46-4926-b810-368d8953c322,c36728e7-b04a-43ff-b88c-f6b3ba84ef3f,FF-48PS-161,Apartment HVAC Unit,Flat 317 A,,,,HVAC-Third Floor-317 A,,HVAC,Normal,,Active,2026-08-15 11:07:09.551543+00,2026-08-15 11:07:09.551543+00
f3ba446e-b9af-4fdf-a5a9-86685994bb12,8c154c7b-8f46-4926-b810-368d8953c322,c36728e7-b04a-43ff-b88c-f6b3ba84ef3f,FF-48PS-162,Apartment HVAC Unit,Flat 317 B,,,,HVAC-Third Floor-317 B,,HVAC,Normal,,Active,2026-08-15 11:07:09.551543+00,2026-08-15 11:07:09.551543+00
eb5afe39-0971-4c05-9511-994aae6f1d44,8c154c7b-8f46-4926-b810-368d8953c322,c36728e7-b04a-43ff-b88c-f6b3ba84ef3f,FF-48PS-163,Apartment HVAC Unit,Flat 318,,,,HVAC-Third Floor-318,,HVAC,Normal,,Active,2026-08-15 11:07:09.551543+00,2026-08-15 11:07:09.551543+00
39436af7-1ade-4af4-9b6e-31e8db9a448c,8c154c7b-8f46-4926-b810-368d8953c322,c36728e7-b04a-43ff-b88c-f6b3ba84ef3f,FF-48PS-164,Apartment HVAC Unit,Flat 319 A,,,,HVAC-Third Floor-319 A,,HVAC,Normal,,Active,2026-08-15 11:07:09.551543+00,2026-08-15 11:07:09.551543+00
b6153c3b-e921-4317-be16-15e20eb46b31,8c154c7b-8f46-4926-b810-368d8953c322,c36728e7-b04a-43ff-b88c-f6b3ba84ef3f,FF-48PS-165,Apartment HVAC Unit,Flat 319 B,,,,HVAC-Third Floor-319 B,,HVAC,Normal,,Active,2026-08-15 11:07:09.551543+00,2026-08-15 11:07:09.551543+00
8f9ad90c-32f6-4674-9817-a425a505c0c0,8c154c7b-8f46-4926-b810-368d8953c322,c36728e7-b04a-43ff-b88c-f6b3ba84ef3f,FF-48PS-166,Apartment HVAC Unit,Flat 320,,,,HVAC-Third Floor-320,,HVAC,Normal,,Active,2026-08-15 11:07:09.551543+00,2026-08-15 11:07:09.551543+00
30f84d55-3318-46d8-8c5e-b66747feea29,8c154c7b-8f46-4926-b810-368d8953c322,c36728e7-b04a-43ff-b88c-f6b3ba84ef3f,FF-48PS-167,Apartment HVAC Unit,Flat 321 A,,,,HVAC-Third Floor-321 A,,HVAC,Normal,,Active,2026-08-15 11:07:09.551543+00,2026-08-15 11:07:09.551543+00
67e1ff7e-bd89-4439-ba3e-381984d4f875,8c154c7b-8f46-4926-b810-368d8953c322,c36728e7-b04a-43ff-b88c-f6b3ba84ef3f,FF-48PS-168,Apartment HVAC Unit,Flat 321 B,,,,HVAC-Third Floor-321 B,,HVAC,Normal,,Active,2026-08-15 11:07:09.551543+00,2026-08-15 11:07:09.551543+00
d5393184-04f3-4b50-a7f3-48da6e5bc37f,8c154c7b-8f46-4926-b810-368d8953c322,c36728e7-b04a-43ff-b88c-f6b3ba84ef3f,FF-48PS-169,Apartment HVAC Unit,Flat 401,,,,HVAC-Fourth Floor-401,,HVAC,Normal,,Active,2026-08-15 11:07:09.551543+00,2026-08-15 11:07:09.551543+00
c4ccb737-e5f6-45e5-b18f-73e915a860d2,8c154c7b-8f46-4926-b810-368d8953c322,c36728e7-b04a-43ff-b88c-f6b3ba84ef3f,FF-48PS-170,Apartment HVAC Unit,Flat 403,,,,HVAC-Fourth Floor-403,,HVAC,Normal,,Active,2026-08-15 11:07:09.551543+00,2026-08-15 11:07:09.551543+00
0cd2ab4b-1969-4b63-8a62-98928b015cb8,8c154c7b-8f46-4926-b810-368d8953c322,c36728e7-b04a-43ff-b88c-f6b3ba84ef3f,FF-48PS-171,Apartment HVAC Unit,Flat 404 A,,,,HVAC-Fourth Floor-404 A,,HVAC,Normal,,Active,2026-08-15 11:07:09.551543+00,2026-08-15 11:07:09.551543+00
a74aa8c7-0f7c-469e-a48c-789bf0b11e2a,8c154c7b-8f46-4926-b810-368d8953c322,c36728e7-b04a-43ff-b88c-f6b3ba84ef3f,FF-48PS-172,Apartment HVAC Unit,Flat 404 B,,,,HVAC-Fourth Floor-404 B,,HVAC,Normal,,Active,2026-08-15 11:07:09.551543+00,2026-08-15 11:07:09.551543+00
ba50d8ee-7cb6-4119-87a3-3ab8b5ed9344,8c154c7b-8f46-4926-b810-368d8953c322,c36728e7-b04a-43ff-b88c-f6b3ba84ef3f,FF-48PS-173,Apartment HVAC Unit,Flat 405 A,,,,HVAC-Fourth Floor-405 A,,HVAC,Normal,,Active,2026-08-15 11:07:09.551543+00,2026-08-15 11:07:09.551543+00
b15bfe6b-8864-4ec0-bedb-79c9dade962a,8c154c7b-8f46-4926-b810-368d8953c322,c36728e7-b04a-43ff-b88c-f6b3ba84ef3f,FF-48PS-174,Apartment HVAC Unit,Flat 405 B,,,,HVAC-Fourth Floor-405 B,,HVAC,Normal,,Active,2026-08-15 11:07:09.551543+00,2026-08-15 11:07:09.551543+00
e7148db6-9566-47a8-a7fe-e3132c9b119d,8c154c7b-8f46-4926-b810-368d8953c322,c36728e7-b04a-43ff-b88c-f6b3ba84ef3f,FF-48PS-175,Apartment HVAC Unit,Flat 406 A,,,,HVAC-Fourth Floor-406 A,,HVAC,Normal,,Active,2026-08-15 11:07:09.551543+00,2026-08-15 11:07:09.551543+00
774788f4-a0b9-416f-b2cc-776f1b0c0b94,8c154c7b-8f46-4926-b810-368d8953c322,c36728e7-b04a-43ff-b88c-f6b3ba84ef3f,FF-48PS-176,Apartment HVAC Unit,Flat 406 B,,,,HVAC-Fourth Floor-406 B,,HVAC,Normal,,Active,2026-08-15 11:07:09.551543+00,2026-08-15 11:07:09.551543+00
c418e441-6944-468d-9768-5c8e9507a862,8c154c7b-8f46-4926-b810-368d8953c322,c36728e7-b04a-43ff-b88c-f6b3ba84ef3f,FF-48PS-177,Apartment HVAC Unit,Flat 407,,,,HVAC-Fourth Floor-407,,HVAC,Normal,,Active,2026-08-15 11:07:09.551543+00,2026-08-15 11:07:09.551543+00
03bc2f73-9463-4b51-9e52-819668e705e9,8c154c7b-8f46-4926-b810-368d8953c322,c36728e7-b04a-43ff-b88c-f6b3ba84ef3f,FF-48PS-178,Apartment HVAC Unit,Flat 408,,,,HVAC-Fourth Floor-408,,HVAC,Normal,,Active,2026-08-15 11:07:09.551543+00,2026-08-15 11:07:09.551543+00
579efcef-9f90-4359-9eaa-6d39eef41138,8c154c7b-8f46-4926-b810-368d8953c322,c36728e7-b04a-43ff-b88c-f6b3ba84ef3f,FF-48PS-179,Apartment HVAC Unit,Flat 409,,,,HVAC-Fourth Floor-409,,HVAC,Normal,,Active,2026-08-15 11:07:09.551543+00,2026-08-15 11:07:09.551543+00
2c61a294-3709-4e64-bba9-e1274ec86bd3,8c154c7b-8f46-4926-b810-368d8953c322,c36728e7-b04a-43ff-b88c-f6b3ba84ef3f,FF-48PS-180,Apartment HVAC Unit,Flat 410,,,,HVAC-Fourth Floor-410,,HVAC,Normal,,Active,2026-08-15 11:07:09.551543+00,2026-08-15 11:07:09.551543+00
e00e95cc-4e8d-4fd5-9636-962704b84850,8c154c7b-8f46-4926-b810-368d8953c322,c36728e7-b04a-43ff-b88c-f6b3ba84ef3f,FF-48PS-181,Apartment HVAC Unit,Flat 411,,,,HVAC-Fourth Floor-411,,HVAC,Normal,,Active,2026-08-15 11:07:09.551543+00,2026-08-15 11:07:09.551543+00
d6b7abde-7646-4483-823b-4ca2b836f7ca,8c154c7b-8f46-4926-b810-368d8953c322,c36728e7-b04a-43ff-b88c-f6b3ba84ef3f,FF-48PS-182,Apartment HVAC Unit,Flat 412,,,,HVAC-Fourth Floor-412,,HVAC,Normal,,Active,2026-08-15 11:07:09.551543+00,2026-08-15 11:07:09.551543+00
8c0b63e4-23f0-42be-83a1-bfd71806dc43,8c154c7b-8f46-4926-b810-368d8953c322,c36728e7-b04a-43ff-b88c-f6b3ba84ef3f,FF-48PS-183,Apartment HVAC Unit,Flat 413,,,,HVAC-Fourth Floor-413,,HVAC,Normal,,Active,2026-08-15 11:07:09.551543+00,2026-08-15 11:07:09.551543+00
84803713-dd14-4f1a-9b2b-c5482a1a8de8,8c154c7b-8f46-4926-b810-368d8953c322,c36728e7-b04a-43ff-b88c-f6b3ba84ef3f,FF-48PS-184,Apartment HVAC Unit,Flat 414 A,,,,HVAC-Fourth Floor-414 A,,HVAC,Normal,,Active,2026-08-15 11:07:09.551543+00,2026-08-15 11:07:09.551543+00
54ee45da-0ab3-4be3-bdec-49dbb52ca033,8c154c7b-8f46-4926-b810-368d8953c322,c36728e7-b04a-43ff-b88c-f6b3ba84ef3f,FF-48PS-185,Apartment HVAC Unit,Flat 414 B,,,,HVAC-Fourth Floor-414 B,,HVAC,Normal,,Active,2026-08-15 11:07:09.551543+00,2026-08-15 11:07:09.551543+00
aaa14058-73af-4260-9d0b-0e5a3db072cd,8c154c7b-8f46-4926-b810-368d8953c322,c36728e7-b04a-43ff-b88c-f6b3ba84ef3f,FF-48PS-186,Apartment HVAC Unit,Flat 415,,,,HVAC-Fourth Floor-415,,HVAC,Normal,,Active,2026-08-15 11:07:09.551543+00,2026-08-15 11:07:09.551543+00
78abc699-7e27-48d8-812b-527bb0ea025a,8c154c7b-8f46-4926-b810-368d8953c322,c36728e7-b04a-43ff-b88c-f6b3ba84ef3f,FF-48PS-187,Apartment HVAC Unit,Flat 416 A,,,,HVAC-Fourth Floor-416 A,,HVAC,Normal,,Active,2026-08-15 11:07:09.551543+00,2026-08-15 11:07:09.551543+00
7b426a21-c008-458a-a91d-a7823755a972,8c154c7b-8f46-4926-b810-368d8953c322,c36728e7-b04a-43ff-b88c-f6b3ba84ef3f,FF-48PS-188,Apartment HVAC Unit,Flat 416 B,,,,HVAC-Fourth Floor-416 B,,HVAC,Normal,,Active,2026-08-15 11:07:09.551543+00,2026-08-15 11:07:09.551543+00
1ce91652-e40b-47f5-ba16-4183d15925f3,8c154c7b-8f46-4926-b810-368d8953c322,c36728e7-b04a-43ff-b88c-f6b3ba84ef3f,FF-48PS-189,Apartment HVAC Unit,Flat 417 A,,,,HVAC-Fourth Floor-417 A,,HVAC,Normal,,Active,2026-08-15 11:07:09.551543+00,2026-08-15 11:07:09.551543+00
77f22fef-f70d-495e-8377-ea48a437a309,8c154c7b-8f46-4926-b810-368d8953c322,c36728e7-b04a-43ff-b88c-f6b3ba84ef3f,FF-48PS-190,Apartment HVAC Unit,Flat 417 B,,,,HVAC-Fourth Floor-417 B,,HVAC,Normal,,Active,2026-08-15 11:07:09.551543+00,2026-08-15 11:07:09.551543+00
881b1a1a-b5f0-4e00-a428-7d6f330856c1,8c154c7b-8f46-4926-b810-368d8953c322,c36728e7-b04a-43ff-b88c-f6b3ba84ef3f,FF-48PS-191,Apartment HVAC Unit,Flat 418,,,,HVAC-Fourth Floor-418,,HVAC,Normal,,Active,2026-08-15 11:07:09.551543+00,2026-08-15 11:07:09.551543+00
8341062f-82ff-421c-85a1-f102a09b771f,8c154c7b-8f46-4926-b810-368d8953c322,c36728e7-b04a-43ff-b88c-f6b3ba84ef3f,FF-48PS-192,Apartment HVAC Unit,Flat 419 A,,,,HVAC-Fourth Floor-419 A,,HVAC,Normal,,Active,2026-08-15 11:07:09.551543+00,2026-08-15 11:07:09.551543+00
701ead92-816f-4f4a-b7b3-3c7afc57ef18,8c154c7b-8f46-4926-b810-368d8953c322,c36728e7-b04a-43ff-b88c-f6b3ba84ef3f,FF-48PS-193,Apartment HVAC Unit,Flat 419 B,,,,HVAC-Fourth Floor-419 B,,HVAC,Normal,,Active,2026-08-15 11:07:09.551543+00,2026-08-15 11:07:09.551543+00
d1585bc7-36de-4b64-9aa1-90a3e5d651c1,8c154c7b-8f46-4926-b810-368d8953c322,c36728e7-b04a-43ff-b88c-f6b3ba84ef3f,FF-48PS-194,Apartment HVAC Unit,Flat 420,,,,HVAC-Fourth Floor-420,,HVAC,Normal,,Active,2026-08-15 11:07:09.551543+00,2026-08-15 11:07:09.551543+00
44d50f1d-de83-4f65-b08d-6209ce42d3e7,8c154c7b-8f46-4926-b810-368d8953c322,c36728e7-b04a-43ff-b88c-f6b3ba84ef3f,FF-48PS-195,Apartment HVAC Unit,Flat 421 A,,,,HVAC-Fourth Floor-421 A,,HVAC,Normal,,Active,2026-08-15 11:07:09.551543+00,2026-08-15 11:07:09.551543+00
e55eae90-b2dd-47eb-8b17-4a0bb6c52b70,8c154c7b-8f46-4926-b810-368d8953c322,c36728e7-b04a-43ff-b88c-f6b3ba84ef3f,FF-48PS-196,Apartment HVAC Unit,Flat 421 B,,,,HVAC-Fourth Floor-421 B,,HVAC,Normal,,Active,2026-08-15 11:07:09.551543+00,2026-08-15 11:07:09.551543+00
60933e66-9b26-43d5-8c6a-4a48cf61b364,8c154c7b-8f46-4926-b810-368d8953c322,c36728e7-b04a-43ff-b88c-f6b3ba84ef3f,FF-48PS-197,Apartment HVAC Unit,Flat 501,,,,HVAC-Fifth Floor-501,,HVAC,Normal,,Active,2026-08-15 11:07:09.551543+00,2026-08-15 11:07:09.551543+00
f68be62e-7cf6-4904-9fdb-9bece6b39aa0,8c154c7b-8f46-4926-b810-368d8953c322,c36728e7-b04a-43ff-b88c-f6b3ba84ef3f,FF-48PS-198,Apartment HVAC Unit,Flat 502,,,,HVAC-Fifth Floor-502,,HVAC,Normal,,Active,2026-08-15 11:07:09.551543+00,2026-08-15 11:07:09.551543+00
c77033f2-42e6-4abc-8d99-90d70c1e90ca,8c154c7b-8f46-4926-b810-368d8953c322,c36728e7-b04a-43ff-b88c-f6b3ba84ef3f,FF-48PS-199,Apartment HVAC Unit,Flat 503,,,,HVAC-Fifth Floor-503,,HVAC,Normal,,Active,2026-08-15 11:07:09.551543+00,2026-08-15 11:07:09.551543+00
b504ce05-9ab3-4b1d-82ff-50998f8dc5c5,8c154c7b-8f46-4926-b810-368d8953c322,c36728e7-b04a-43ff-b88c-f6b3ba84ef3f,FF-48PS-200,Apartment HVAC Unit,Flat 504 A,,,,HVAC-Fifth Floor-504 A,,HVAC,Normal,,Active,2026-08-15 11:07:09.551543+00,2026-08-15 11:07:09.551543+00
8610d6a6-31be-4825-8156-06c7e6956330,8c154c7b-8f46-4926-b810-368d8953c322,c36728e7-b04a-43ff-b88c-f6b3ba84ef3f,FF-48PS-201,Apartment HVAC Unit,Flat 504 B,,,,HVAC-Fifth Floor-504 B,,HVAC,Normal,,Active,2026-08-15 11:07:09.551543+00,2026-08-15 11:07:09.551543+00
8c4971ee-cb5f-4e7d-8791-01e36311be5f,8c154c7b-8f46-4926-b810-368d8953c322,c36728e7-b04a-43ff-b88c-f6b3ba84ef3f,FF-48PS-202,Apartment HVAC Unit,Flat 505 A,,,,HVAC-Fifth Floor-505 A,,HVAC,Normal,,Active,2026-08-15 11:07:09.551543+00,2026-08-15 11:07:09.551543+00
55fa50f6-a228-48ce-9fd4-6f225cd79fc8,8c154c7b-8f46-4926-b810-368d8953c322,c36728e7-b04a-43ff-b88c-f6b3ba84ef3f,FF-48PS-203,Apartment HVAC Unit,Flat 505 B,,,,HVAC-Fifth Floor-505 B,,HVAC,Normal,,Active,2026-08-15 11:07:09.551543+00,2026-08-15 11:07:09.551543+00
68e4f688-8e0f-40f8-9aee-6de0af0bb102,8c154c7b-8f46-4926-b810-368d8953c322,c36728e7-b04a-43ff-b88c-f6b3ba84ef3f,FF-48PS-204,Apartment HVAC Unit,Flat 506 A,,,,HVAC-Fifth Floor-506 A,,HVAC,Normal,,Active,2026-08-15 11:07:09.551543+00,2026-08-15 11:07:09.551543+00
75b96811-d4fc-444d-98b1-667eb9e5723f,8c154c7b-8f46-4926-b810-368d8953c322,c36728e7-b04a-43ff-b88c-f6b3ba84ef3f,FF-48PS-205,Apartment HVAC Unit,Flat 506 B,,,,HVAC-Fifth Floor-506 B,,HVAC,Normal,,Active,2026-08-15 11:07:09.551543+00,2026-08-15 11:07:09.551543+00
f9ffaf85-cb65-4161-879a-14b3949c920f,8c154c7b-8f46-4926-b810-368d8953c322,c36728e7-b04a-43ff-b88c-f6b3ba84ef3f,FF-48PS-206,Apartment HVAC Unit,Flat 507,,,,HVAC-Fifth Floor-507,,HVAC,Normal,,Active,2026-08-15 11:07:09.551543+00,2026-08-15 11:07:09.551543+00
0ddd2848-784e-4338-88d7-96b44f836127,8c154c7b-8f46-4926-b810-368d8953c322,c36728e7-b04a-43ff-b88c-f6b3ba84ef3f,FF-48PS-207,Apartment HVAC Unit,Flat 508,,,,HVAC-Fifth Floor-508,,HVAC,Normal,,Active,2026-08-15 11:07:09.551543+00,2026-08-15 11:07:09.551543+00
e662f55a-3522-4c98-b0bd-16a31addc43e,8c154c7b-8f46-4926-b810-368d8953c322,c36728e7-b04a-43ff-b88c-f6b3ba84ef3f,FF-48PS-208,Apartment HVAC Unit,Flat 509,,,,HVAC-Fifth Floor-509,,HVAC,Normal,,Active,2026-08-15 11:07:09.551543+00,2026-08-15 11:07:09.551543+00
25159dfe-5b47-4b83-b403-cdb461eed898,8c154c7b-8f46-4926-b810-368d8953c322,c36728e7-b04a-43ff-b88c-f6b3ba84ef3f,FF-48PS-209,Apartment HVAC Unit,Flat 510,,,,HVAC-Fifth Floor-510,,HVAC,Normal,,Active,2026-08-15 11:07:09.551543+00,2026-08-15 11:07:09.551543+00
407f9549-f75c-41b6-afed-e4b5d646f7ff,8c154c7b-8f46-4926-b810-368d8953c322,c36728e7-b04a-43ff-b88c-f6b3ba84ef3f,FF-48PS-210,Apartment HVAC Unit,Flat 511,,,,HVAC-Fifth Floor-511,,HVAC,Normal,,Active,2026-08-15 11:07:09.551543+00,2026-08-15 11:07:09.551543+00
79cc9844-7418-4866-9ab1-3bbcd0464d1b,8c154c7b-8f46-4926-b810-368d8953c322,c36728e7-b04a-43ff-b88c-f6b3ba84ef3f,FF-48PS-211,Apartment HVAC Unit,Flat 512,,,,HVAC-Fifth Floor-512,,HVAC,Normal,,Active,2026-08-15 11:07:09.551543+00,2026-08-15 11:07:09.551543+00
b445a374-fa34-443a-9d90-509f30859856,8c154c7b-8f46-4926-b810-368d8953c322,c36728e7-b04a-43ff-b88c-f6b3ba84ef3f,FF-48PS-212,Apartment HVAC Unit,Flat 513,,,,HVAC-Fifth Floor-513,,HVAC,Normal,,Active,2026-08-15 11:07:09.551543+00,2026-08-15 11:07:09.551543+00
6cf0823d-48fa-4858-834f-014de1c02bb3,8c154c7b-8f46-4926-b810-368d8953c322,c36728e7-b04a-43ff-b88c-f6b3ba84ef3f,FF-48PS-213,Apartment HVAC Unit,Flat 514 A,,,,HVAC-Fifth Floor-514 A,,HVAC,Normal,,Active,2026-08-15 11:07:09.551543+00,2026-08-15 11:07:09.551543+00
ea630fc2-0aaf-4e4f-a736-0d59758ead9e,8c154c7b-8f46-4926-b810-368d8953c322,c36728e7-b04a-43ff-b88c-f6b3ba84ef3f,FF-48PS-214,Apartment HVAC Unit,Flat 514 B,,,,HVAC-Fifth Floor-514 B,,HVAC,Normal,,Active,2026-08-15 11:07:09.551543+00,2026-08-15 11:07:09.551543+00
93b47ed3-8e48-4680-82fa-5a785f4bb07e,8c154c7b-8f46-4926-b810-368d8953c322,c36728e7-b04a-43ff-b88c-f6b3ba84ef3f,FF-48PS-215,Apartment HVAC Unit,Flat 515,,,,HVAC-Fifth Floor-515,,HVAC,Normal,,Active,2026-08-15 11:07:09.551543+00,2026-08-15 11:07:09.551543+00
9b860c4f-6fbb-402e-a6a4-dceccb7e46c4,8c154c7b-8f46-4926-b810-368d8953c322,c36728e7-b04a-43ff-b88c-f6b3ba84ef3f,FF-48PS-216,Apartment HVAC Unit,Flat 516 A,,,,HVAC-Fifth Floor-516 A,,HVAC,Normal,,Active,2026-08-15 11:07:09.551543+00,2026-08-15 11:07:09.551543+00
8378405d-1f90-41d2-8ba5-f9042559aaa3,8c154c7b-8f46-4926-b810-368d8953c322,c36728e7-b04a-43ff-b88c-f6b3ba84ef3f,FF-48PS-217,Apartment HVAC Unit,Flat 516 B,,,,HVAC-Fifth Floor-516 B,,HVAC,Normal,,Active,2026-08-15 11:07:09.551543+00,2026-08-15 11:07:09.551543+00
e3ea50d3-fb5e-4096-b6ca-07afc55f6756,8c154c7b-8f46-4926-b810-368d8953c322,c36728e7-b04a-43ff-b88c-f6b3ba84ef3f,FF-48PS-218,Apartment HVAC Unit,Flat 517 A,,,,HVAC-Fifth Floor-517 A,,HVAC,Normal,,Active,2026-08-15 11:07:09.551543+00,2026-08-15 11:07:09.551543+00
735f13d4-41b6-4d1d-baf9-c159eb7dccc5,8c154c7b-8f46-4926-b810-368d8953c322,c36728e7-b04a-43ff-b88c-f6b3ba84ef3f,FF-48PS-219,Apartment HVAC Unit,Flat 517 B,,,,HVAC-Fifth Floor-517 B,,HVAC,Normal,,Active,2026-08-15 11:07:09.551543+00,2026-08-15 11:07:09.551543+00
75f7458b-dc6e-46a7-80d0-5356484cd11a,8c154c7b-8f46-4926-b810-368d8953c322,c36728e7-b04a-43ff-b88c-f6b3ba84ef3f,FF-48PS-220,Apartment HVAC Unit,Flat 518,,,,HVAC-Fifth Floor-518,,HVAC,Normal,,Active,2026-08-15 11:07:09.551543+00,2026-08-15 11:07:09.551543+00
565a49de-9dc0-482e-ba7e-7f0f652d8cfc,8c154c7b-8f46-4926-b810-368d8953c322,c36728e7-b04a-43ff-b88c-f6b3ba84ef3f,FF-48PS-221,Apartment HVAC Unit,Flat 519 A,,,,HVAC-Fifth Floor-519 A,,HVAC,Normal,,Active,2026-08-15 11:07:09.551543+00,2026-08-15 11:07:09.551543+00
2456053b-b3f7-45bf-a06a-1d7d1f442e96,8c154c7b-8f46-4926-b810-368d8953c322,c36728e7-b04a-43ff-b88c-f6b3ba84ef3f,FF-48PS-222,Apartment HVAC Unit,Flat 519 B,,,,HVAC-Fifth Floor-519 B,,HVAC,Normal,,Active,2026-08-15 11:07:09.551543+00,2026-08-15 11:07:09.551543+00
dda750ec-155a-484b-ad10-1ac7979360bf,8c154c7b-8f46-4926-b810-368d8953c322,c36728e7-b04a-43ff-b88c-f6b3ba84ef3f,FF-48PS-223,Apartment HVAC Unit,Flat 520,,,,HVAC-Fifth Floor-520,,HVAC,Normal,,Active,2026-08-15 11:07:09.551543+00,2026-08-15 11:07:09.551543+00
48671975-6697-45af-89f5-411030dd4891,8c154c7b-8f46-4926-b810-368d8953c322,c36728e7-b04a-43ff-b88c-f6b3ba84ef3f,FF-48PS-224,Apartment HVAC Unit,Flat 521 A,,,,HVAC-Fifth Floor-521 A,,HVAC,Normal,,Active,2026-08-15 11:07:09.551543+00,2026-08-15 11:07:09.551543+00
f30f27d4-7afa-4ca3-99b6-cc14b42259e2,8c154c7b-8f46-4926-b810-368d8953c322,c36728e7-b04a-43ff-b88c-f6b3ba84ef3f,FF-48PS-225,Apartment HVAC Unit,Flat 521 B,,,,HVAC-Fifth Floor-521 B,,HVAC,Normal,,Active,2026-08-15 11:07:09.551543+00,2026-08-15 11:07:09.551543+00
a74b2c19-1435-4558-a9da-717f7aaf882b,8c154c7b-8f46-4926-b810-368d8953c322,c36728e7-b04a-43ff-b88c-f6b3ba84ef3f,FF-48PS-226,Apartment HVAC Unit,Flat 601,,,,HVAC-Sixth Floor-601,,HVAC,Normal,,Active,2026-08-15 11:07:09.551543+00,2026-08-15 11:07:09.551543+00
4f8224c6-d332-4c26-a0ff-e56044e67934,8c154c7b-8f46-4926-b810-368d8953c322,c36728e7-b04a-43ff-b88c-f6b3ba84ef3f,FF-48PS-227,Apartment HVAC Unit,Flat 602,,,,HVAC-Sixth Floor-602,,HVAC,Normal,,Active,2026-08-15 11:07:09.551543+00,2026-08-15 11:07:09.551543+00
6cbc1a44-dcf3-4ed3-adff-50a8d3cb08f1,8c154c7b-8f46-4926-b810-368d8953c322,c36728e7-b04a-43ff-b88c-f6b3ba84ef3f,FF-48PS-228,Apartment HVAC Unit,Flat 603,,,,HVAC-Sixth Floor-603,,HVAC,Normal,,Active,2026-08-15 11:07:09.551543+00,2026-08-15 11:07:09.551543+00
fef0f0cb-71b8-4b00-9c96-ffae08c37068,8c154c7b-8f46-4926-b810-368d8953c322,c36728e7-b04a-43ff-b88c-f6b3ba84ef3f,FF-48PS-229,Apartment HVAC Unit,Flat 604 A,,,,HVAC-Sixth Floor-604 A,,HVAC,Normal,,Active,2026-08-15 11:07:09.551543+00,2026-08-15 11:07:09.551543+00
1399fec5-3eac-41f8-b2fe-2bf6b9dc8bd5,8c154c7b-8f46-4926-b810-368d8953c322,c36728e7-b04a-43ff-b88c-f6b3ba84ef3f,FF-48PS-230,Apartment HVAC Unit,Flat 604 B,,,,HVAC-Sixth Floor-604 B,,HVAC,Normal,,Active,2026-08-15 11:07:09.551543+00,2026-08-15 11:07:09.551543+00
3e51d2d2-e6f9-43e0-a219-84ce142d6f39,8c154c7b-8f46-4926-b810-368d8953c322,c36728e7-b04a-43ff-b88c-f6b3ba84ef3f,FF-48PS-231,Apartment HVAC Unit,Flat 605 A,,,,HVAC-Sixth Floor-605 A,,HVAC,Normal,,Active,2026-08-15 11:07:09.551543+00,2026-08-15 11:07:09.551543+00
4deeb029-6961-409e-89f6-0b5bd961c398,8c154c7b-8f46-4926-b810-368d8953c322,c36728e7-b04a-43ff-b88c-f6b3ba84ef3f,FF-48PS-232,Apartment HVAC Unit,Flat 605 B,,,,HVAC-Sixth Floor-605 B,,HVAC,Normal,,Active,2026-08-15 11:07:09.551543+00,2026-08-15 11:07:09.551543+00
9fd42313-549c-437c-a5e7-96707f419981,8c154c7b-8f46-4926-b810-368d8953c322,c36728e7-b04a-43ff-b88c-f6b3ba84ef3f,FF-48PS-233,Apartment HVAC Unit,Flat 606 A,,,,HVAC-Sixth Floor-606 A,,HVAC,Normal,,Active,2026-08-15 11:07:09.551543+00,2026-08-15 11:07:09.551543+00
bdcf019d-76c3-4167-b39d-6f4bd1728265,8c154c7b-8f46-4926-b810-368d8953c322,c36728e7-b04a-43ff-b88c-f6b3ba84ef3f,FF-48PS-234,Apartment HVAC Unit,Flat 606 B,,,,HVAC-Sixth Floor-606 B,,HVAC,Normal,,Active,2026-08-15 11:07:09.551543+00,2026-08-15 11:07:09.551543+00
74cc4b33-bf66-480a-a11f-e48dd6d22a10,8c154c7b-8f46-4926-b810-368d8953c322,c36728e7-b04a-43ff-b88c-f6b3ba84ef3f,FF-48PS-235,Apartment HVAC Unit,Flat 607,,,,HVAC-Sixth Floor-607,,HVAC,Normal,,Active,2026-08-15 11:07:09.551543+00,2026-08-15 11:07:09.551543+00
ea7e989c-2142-4878-bd66-75c1d663afb5,8c154c7b-8f46-4926-b810-368d8953c322,c36728e7-b04a-43ff-b88c-f6b3ba84ef3f,FF-48PS-236,Apartment HVAC Unit,Flat 608,,,,HVAC-Sixth Floor-608,,HVAC,Normal,,Active,2026-08-15 11:07:09.551543+00,2026-08-15 11:07:09.551543+00
2b5213cb-bd77-4485-89bd-69e6ccfb3828,8c154c7b-8f46-4926-b810-368d8953c322,c36728e7-b04a-43ff-b88c-f6b3ba84ef3f,FF-48PS-237,Apartment HVAC Unit,Flat 609,,,,HVAC-Sixth Floor-609,,HVAC,Normal,,Active,2026-08-15 11:07:09.551543+00,2026-08-15 11:07:09.551543+00
f233dc14-0ad0-4f80-9d70-bb7e9468635f,8c154c7b-8f46-4926-b810-368d8953c322,c36728e7-b04a-43ff-b88c-f6b3ba84ef3f,FF-48PS-238,Apartment HVAC Unit,Flat 610,,,,HVAC-Sixth Floor-610,,HVAC,Normal,,Active,2026-08-15 11:07:09.551543+00,2026-08-15 11:07:09.551543+00
b1c27b81-dc13-465e-91d2-10e600350bd1,8c154c7b-8f46-4926-b810-368d8953c322,c36728e7-b04a-43ff-b88c-f6b3ba84ef3f,FF-48PS-239,Apartment HVAC Unit,Flat 611,,,,HVAC-Sixth Floor-611,,HVAC,Normal,,Active,2026-08-15 11:07:09.551543+00,2026-08-15 11:07:09.551543+00
278a6906-33c7-4ea1-8f7c-2b02570d47ed,8c154c7b-8f46-4926-b810-368d8953c322,c36728e7-b04a-43ff-b88c-f6b3ba84ef3f,FF-48PS-240,Apartment HVAC Unit,Flat 612,,,,HVAC-Sixth Floor-612,,HVAC,Normal,,Active,2026-08-15 11:07:09.551543+00,2026-08-15 11:07:09.551543+00
98a575fe-e0ed-4643-8317-554f5ca2f4b0,8c154c7b-8f46-4926-b810-368d8953c322,c36728e7-b04a-43ff-b88c-f6b3ba84ef3f,FF-48PS-241,Apartment HVAC Unit,Flat 613,,,,HVAC-Sixth Floor-613,,HVAC,Normal,,Active,2026-08-15 11:07:09.551543+00,2026-08-15 11:07:09.551543+00
e7b9613c-09c7-4460-9abe-5c3839bf64d7,8c154c7b-8f46-4926-b810-368d8953c322,c36728e7-b04a-43ff-b88c-f6b3ba84ef3f,FF-48PS-242,Apartment HVAC Unit,Flat 614 A,,,,HVAC-Sixth Floor-614 A,,HVAC,Normal,,Active,2026-08-15 11:07:09.551543+00,2026-08-15 11:07:09.551543+00
d3bd6d23-1f61-49c8-8972-13763e872bf0,8c154c7b-8f46-4926-b810-368d8953c322,c36728e7-b04a-43ff-b88c-f6b3ba84ef3f,FF-48PS-243,Apartment HVAC Unit,Flat 614 B,,,,HVAC-Sixth Floor-614 B,,HVAC,Normal,,Active,2026-08-15 11:07:09.551543+00,2026-08-15 11:07:09.551543+00
2ceb317c-462c-4aba-8bf7-d16a54644576,8c154c7b-8f46-4926-b810-368d8953c322,c36728e7-b04a-43ff-b88c-f6b3ba84ef3f,FF-48PS-244,Apartment HVAC Unit,Flat 615,,,,HVAC-Sixth Floor-615,,HVAC,Normal,,Active,2026-08-15 11:07:09.551543+00,2026-08-15 11:07:09.551543+00
5bb6d48c-a3b4-4921-885c-825ba69a5ba0,8c154c7b-8f46-4926-b810-368d8953c322,c36728e7-b04a-43ff-b88c-f6b3ba84ef3f,FF-48PS-245,Apartment HVAC Unit,Flat 616 A,,,,HVAC-Sixth Floor-616 A,,HVAC,Normal,,Active,2026-08-15 11:07:09.551543+00,2026-08-15 11:07:09.551543+00
cf35464c-83f2-4880-88d0-61413d5efd24,8c154c7b-8f46-4926-b810-368d8953c322,c36728e7-b04a-43ff-b88c-f6b3ba84ef3f,FF-48PS-246,Apartment HVAC Unit,Flat 616 B,,,,HVAC-Sixth Floor-616 B,,HVAC,Normal,,Active,2026-08-15 11:07:09.551543+00,2026-08-15 11:07:09.551543+00
f279a066-b2fb-4371-ba8d-82bb5eeaba05,8c154c7b-8f46-4926-b810-368d8953c322,c36728e7-b04a-43ff-b88c-f6b3ba84ef3f,FF-48PS-247,Apartment HVAC Unit,Flat 617 A,,,,HVAC-Sixth Floor-617 A,,HVAC,Normal,,Active,2026-08-15 11:07:09.551543+00,2026-08-15 11:07:09.551543+00
721d17be-cb14-4bcb-ac93-9ea66ad1a3d5,8c154c7b-8f46-4926-b810-368d8953c322,c36728e7-b04a-43ff-b88c-f6b3ba84ef3f,FF-48PS-248,Apartment HVAC Unit,Flat 617 B,,,,HVAC-Sixth Floor-617 B,,HVAC,Normal,,Active,2026-08-15 11:07:09.551543+00,2026-08-15 11:07:09.551543+00
218f0a8d-bba8-4d97-82ac-09798f72f222,8c154c7b-8f46-4926-b810-368d8953c322,c36728e7-b04a-43ff-b88c-f6b3ba84ef3f,FF-48PS-249,Apartment HVAC Unit,Flat 618,,,,HVAC-Sixth Floor-618,,HVAC,Normal,,Active,2026-08-15 11:07:09.551543+00,2026-08-15 11:07:09.551543+00
bd99c262-c092-4125-8cd3-52daa53fed95,8c154c7b-8f46-4926-b810-368d8953c322,c36728e7-b04a-43ff-b88c-f6b3ba84ef3f,FF-48PS-250,Apartment HVAC Unit,Flat 619 A,,,,HVAC-Sixth Floor-619 A,,HVAC,Normal,,Active,2026-08-15 11:07:09.551543+00,2026-08-15 11:07:09.551543+00
51a4a690-21e7-42d7-ae9f-8ff17bfa29ee,8c154c7b-8f46-4926-b810-368d8953c322,c36728e7-b04a-43ff-b88c-f6b3ba84ef3f,FF-48PS-251,Apartment HVAC Unit,Flat 619 B,,,,HVAC-Sixth Floor-619 B,,HVAC,Normal,,Active,2026-08-15 11:07:09.551543+00,2026-08-15 11:07:09.551543+00
bb9f5980-49d3-4837-809e-925fc6eb4572,8c154c7b-8f46-4926-b810-368d8953c322,c36728e7-b04a-43ff-b88c-f6b3ba84ef3f,FF-48PS-252,Apartment HVAC Unit,Flat 620,,,,HVAC-Sixth Floor-620,,HVAC,Normal,,Active,2026-08-15 11:07:09.551543+00,2026-08-15 11:07:09.551543+00
d93f03d4-0fac-45e5-8d6f-2cd5bc810c02,8c154c7b-8f46-4926-b810-368d8953c322,c36728e7-b04a-43ff-b88c-f6b3ba84ef3f,FF-48PS-253,Apartment HVAC Unit,Flat 621 A,,,,HVAC-Sixth Floor-621 A,,HVAC,Normal,,Active,2026-08-15 11:07:09.551543+00,2026-08-15 11:07:09.551543+00
05125553-3b19-4eab-8f20-1fcffc9a1ddd,8c154c7b-8f46-4926-b810-368d8953c322,c36728e7-b04a-43ff-b88c-f6b3ba84ef3f,FF-48PS-254,Apartment HVAC Unit,Flat 621 B,,,,HVAC-Sixth Floor-621 B,,HVAC,Normal,,Active,2026-08-15 11:07:09.551543+00,2026-08-15 11:07:09.551543+00
3f89464a-d388-41f0-b3b3-c6d2d29752e6,8c154c7b-8f46-4926-b810-368d8953c322,c36728e7-b04a-43ff-b88c-f6b3ba84ef3f,FF-48PS-255,Apartment HVAC Unit,Flat 701,,,,HVAC-Seventh Floor-701,,HVAC,Normal,,Active,2026-08-15 11:07:09.551543+00,2026-08-15 11:07:09.551543+00
35045443-0279-4626-aa44-916072a2c852,8c154c7b-8f46-4926-b810-368d8953c322,c36728e7-b04a-43ff-b88c-f6b3ba84ef3f,FF-48PS-256,Apartment HVAC Unit,Flat 702,,,,HVAC-Seventh Floor-702,,HVAC,Normal,,Active,2026-08-15 11:07:09.551543+00,2026-08-15 11:07:09.551543+00
c5b6b6c1-1497-4c47-a4ed-3dc9e8e59900,8c154c7b-8f46-4926-b810-368d8953c322,c36728e7-b04a-43ff-b88c-f6b3ba84ef3f,FF-48PS-257,Apartment HVAC Unit,Flat 703,,,,HVAC-Seventh Floor-703,,HVAC,Normal,,Active,2026-08-15 11:07:09.551543+00,2026-08-15 11:07:09.551543+00
268f8129-585b-46d9-a11d-48d3c27581a6,8c154c7b-8f46-4926-b810-368d8953c322,c36728e7-b04a-43ff-b88c-f6b3ba84ef3f,FF-48PS-258,Apartment HVAC Unit,Flat 704 A,,,,HVAC-Seventh Floor-704 A,,HVAC,Normal,,Active,2026-08-15 11:07:09.551543+00,2026-08-15 11:07:09.551543+00
7d3d1a77-0fb7-46c6-b1d6-16f54b53664c,8c154c7b-8f46-4926-b810-368d8953c322,c36728e7-b04a-43ff-b88c-f6b3ba84ef3f,FF-48PS-259,Apartment HVAC Unit,Flat 704 B,,,,HVAC-Seventh Floor-704 B,,HVAC,Normal,,Active,2026-08-15 11:07:09.551543+00,2026-08-15 11:07:09.551543+00
00b731df-09dd-459b-97de-a461c9000491,8c154c7b-8f46-4926-b810-368d8953c322,c36728e7-b04a-43ff-b88c-f6b3ba84ef3f,FF-48PS-260,Apartment HVAC Unit,Flat 705 A,,,,HVAC-Seventh Floor-705 A,,HVAC,Normal,,Active,2026-08-15 11:07:09.551543+00,2026-08-15 11:07:09.551543+00
be20ca91-a70c-4efe-8fcf-5a86b13a412f,8c154c7b-8f46-4926-b810-368d8953c322,c36728e7-b04a-43ff-b88c-f6b3ba84ef3f,FF-48PS-261,Apartment HVAC Unit,Flat 705 B,,,,HVAC-Seventh Floor-705 B,,HVAC,Normal,,Active,2026-08-15 11:07:09.551543+00,2026-08-15 11:07:09.551543+00
7b435962-dfa9-4520-bc67-731928e26de6,8c154c7b-8f46-4926-b810-368d8953c322,c36728e7-b04a-43ff-b88c-f6b3ba84ef3f,FF-48PS-262,Apartment HVAC Unit,Flat 706 A,,,,HVAC-Seventh Floor-706 A,,HVAC,Normal,,Active,2026-08-15 11:07:09.551543+00,2026-08-15 11:07:09.551543+00
4a94a797-d5cf-4155-b301-c60076997d30,8c154c7b-8f46-4926-b810-368d8953c322,c36728e7-b04a-43ff-b88c-f6b3ba84ef3f,FF-48PS-263,Apartment HVAC Unit,Flat 706 B,,,,HVAC-Seventh Floor-706 B,,HVAC,Normal,,Active,2026-08-15 11:07:09.551543+00,2026-08-15 11:07:09.551543+00
4c36e8e7-c028-4fcd-885d-1174f38caba7,8c154c7b-8f46-4926-b810-368d8953c322,c36728e7-b04a-43ff-b88c-f6b3ba84ef3f,FF-48PS-264,Apartment HVAC Unit,Flat 707,,,,HVAC-Seventh Floor-707,,HVAC,Normal,,Active,2026-08-15 11:07:09.551543+00,2026-08-15 11:07:09.551543+00
c508c0b0-62a0-4ba6-aa98-649f1dc74f26,8c154c7b-8f46-4926-b810-368d8953c322,c36728e7-b04a-43ff-b88c-f6b3ba84ef3f,FF-48PS-265,Apartment HVAC Unit,Flat 708,,,,HVAC-Seventh Floor-708,,HVAC,Normal,,Active,2026-08-15 11:07:09.551543+00,2026-08-15 11:07:09.551543+00
ddfe1c9e-271f-4cf1-bfbc-d2eae5c3beea,8c154c7b-8f46-4926-b810-368d8953c322,c36728e7-b04a-43ff-b88c-f6b3ba84ef3f,FF-48PS-266,Apartment HVAC Unit,Flat 709,,,,HVAC-Seventh Floor-709,,HVAC,Normal,,Active,2026-08-15 11:07:09.551543+00,2026-08-15 11:07:09.551543+00
393fd4e6-a914-420c-a16a-65fea9882704,8c154c7b-8f46-4926-b810-368d8953c322,c36728e7-b04a-43ff-b88c-f6b3ba84ef3f,FF-48PS-267,Apartment HVAC Unit,Flat 710,,,,HVAC-Seventh Floor-710,,HVAC,Normal,,Active,2026-08-15 11:07:09.551543+00,2026-08-15 11:07:09.551543+00
766e4b82-a20f-47f4-afeb-5b1dbc4e2e68,8c154c7b-8f46-4926-b810-368d8953c322,c36728e7-b04a-43ff-b88c-f6b3ba84ef3f,FF-48PS-268,Apartment HVAC Unit,Flat 711,,,,HVAC-Seventh Floor-711,,HVAC,Normal,,Active,2026-08-15 11:07:09.551543+00,2026-08-15 11:07:09.551543+00
e7a02ed2-7f7c-4a5c-b137-8f5316d021cd,8c154c7b-8f46-4926-b810-368d8953c322,c36728e7-b04a-43ff-b88c-f6b3ba84ef3f,FF-48PS-269,Apartment HVAC Unit,Flat 712,,,,HVAC-Seventh Floor-712,,HVAC,Normal,,Active,2026-08-15 11:07:09.551543+00,2026-08-15 11:07:09.551543+00
f29b46b5-89e3-4590-974e-cc74f03dfd7a,8c154c7b-8f46-4926-b810-368d8953c322,c36728e7-b04a-43ff-b88c-f6b3ba84ef3f,FF-48PS-270,Apartment HVAC Unit,Flat 713,,,,HVAC-Seventh Floor-713,,HVAC,Normal,,Active,2026-08-15 11:07:09.551543+00,2026-08-15 11:07:09.551543+00
467e3d2b-4a6c-4572-ae4b-9beba1690117,8c154c7b-8f46-4926-b810-368d8953c322,c36728e7-b04a-43ff-b88c-f6b3ba84ef3f,FF-48PS-271,Apartment HVAC Unit,Flat 714 A,,,,HVAC-Seventh Floor-714 A,,HVAC,Normal,,Active,2026-08-15 11:07:09.551543+00,2026-08-15 11:07:09.551543+00
a231270d-9355-45d3-97d0-2e7517107827,8c154c7b-8f46-4926-b810-368d8953c322,c36728e7-b04a-43ff-b88c-f6b3ba84ef3f,FF-48PS-272,Apartment HVAC Unit,Flat 714 B,,,,HVAC-Seventh Floor-714 B,,HVAC,Normal,,Active,2026-08-15 11:07:09.551543+00,2026-08-15 11:07:09.551543+00
78ba45e8-cfe6-4cf4-9c67-daf098811266,8c154c7b-8f46-4926-b810-368d8953c322,c36728e7-b04a-43ff-b88c-f6b3ba84ef3f,FF-48PS-273,Apartment HVAC Unit,Flat 715,,,,HVAC-Seventh Floor-715,,HVAC,Normal,,Active,2026-08-15 11:07:09.551543+00,2026-08-15 11:07:09.551543+00
0d3c4662-3b9a-4f8b-a679-bdda6de568f3,8c154c7b-8f46-4926-b810-368d8953c322,c36728e7-b04a-43ff-b88c-f6b3ba84ef3f,FF-48PS-274,Apartment HVAC Unit,Flat 716 A,,,,HVAC-Seventh Floor-716 A,,HVAC,Normal,,Active,2026-08-15 11:07:09.551543+00,2026-08-15 11:07:09.551543+00
17105f19-6220-4a9e-b4ed-b0dc4a6f8403,8c154c7b-8f46-4926-b810-368d8953c322,c36728e7-b04a-43ff-b88c-f6b3ba84ef3f,FF-48PS-275,Apartment HVAC Unit,Flat 716 B,,,,HVAC-Seventh Floor-716 B,,HVAC,Normal,,Active,2026-08-15 11:07:09.551543+00,2026-08-15 11:07:09.551543+00
1b68fb22-a2a9-4717-9e86-c918d0fd8d85,8c154c7b-8f46-4926-b810-368d8953c322,c36728e7-b04a-43ff-b88c-f6b3ba84ef3f,FF-48PS-276,Apartment HVAC Unit,Flat 717 A,,,,HVAC-Seventh Floor-717 A,,HVAC,Normal,,Active,2026-08-15 11:07:09.551543+00,2026-08-15 11:07:09.551543+00
a9c31b65-6709-4972-bbd7-d3836f427802,8c154c7b-8f46-4926-b810-368d8953c322,c36728e7-b04a-43ff-b88c-f6b3ba84ef3f,FF-48PS-277,Apartment HVAC Unit,Flat 717 B,,,,HVAC-Seventh Floor-717 B,,HVAC,Normal,,Active,2026-08-15 11:07:09.551543+00,2026-08-15 11:07:09.551543+00
923d086c-f0a1-4185-b6b2-839c4d477d5e,8c154c7b-8f46-4926-b810-368d8953c322,c36728e7-b04a-43ff-b88c-f6b3ba84ef3f,FF-48PS-278,Apartment HVAC Unit,Flat 718,,,,HVAC-Seventh Floor-718,,HVAC,Normal,,Active,2026-08-15 11:07:09.551543+00,2026-08-15 11:07:09.551543+00
f425b2b8-163f-4266-850c-5b26305366c1,8c154c7b-8f46-4926-b810-368d8953c322,c36728e7-b04a-43ff-b88c-f6b3ba84ef3f,FF-48PS-279,Apartment HVAC Unit,Flat 719 A,,,,HVAC-Seventh Floor-719 A,,HVAC,Normal,,Active,2026-08-15 11:07:09.551543+00,2026-08-15 11:07:09.551543+00
feaf1588-881a-4bbf-a4b9-39a609863165,8c154c7b-8f46-4926-b810-368d8953c322,c36728e7-b04a-43ff-b88c-f6b3ba84ef3f,FF-48PS-280,Apartment HVAC Unit,Flat 719 B,,,,HVAC-Seventh Floor-719 B,,HVAC,Normal,,Active,2026-08-15 11:07:09.551543+00,2026-08-15 11:07:09.551543+00
05137c39-77eb-4faf-a4f0-64dc0d6ee874,8c154c7b-8f46-4926-b810-368d8953c322,c36728e7-b04a-43ff-b88c-f6b3ba84ef3f,FF-48PS-281,Apartment HVAC Unit,Flat 720,,,,HVAC-Seventh Floor-720,,HVAC,Normal,,Active,2026-08-15 11:07:09.551543+00,2026-08-15 11:07:09.551543+00
4f090e6c-d226-4fae-ae31-78c3dafd94bc,8c154c7b-8f46-4926-b810-368d8953c322,c36728e7-b04a-43ff-b88c-f6b3ba84ef3f,FF-48PS-282,Apartment HVAC Unit,Flat 721 A,,,,HVAC-Seventh Floor-721 A,,HVAC,Normal,,Active,2026-08-15 11:07:09.551543+00,2026-08-15 11:07:09.551543+00
f309c54e-df86-46f8-b7d3-4235f9167fa1,8c154c7b-8f46-4926-b810-368d8953c322,c36728e7-b04a-43ff-b88c-f6b3ba84ef3f,FF-48PS-283,Apartment HVAC Unit,Flat 721 B,,,,HVAC-Seventh Floor-721 B,,HVAC,Normal,,Active,2026-08-15 11:07:09.551543+00,2026-08-15 11:07:09.551543+00
9ee5013c-696b-4550-8eba-01bdc3e34123,8c154c7b-8f46-4926-b810-368d8953c322,c36728e7-b04a-43ff-b88c-f6b3ba84ef3f,FF-48PS-284,Apartment HVAC Unit,Flat 801,,,,HVAC-Eighth Floor-801,,HVAC,Normal,,Active,2026-08-15 11:07:09.551543+00,2026-08-15 11:07:09.551543+00
33dc8805-54e2-4873-99ab-1b7daaeccc94,8c154c7b-8f46-4926-b810-368d8953c322,c36728e7-b04a-43ff-b88c-f6b3ba84ef3f,FF-48PS-285,Apartment HVAC Unit,Flat 802,,,,HVAC-Eighth Floor-802,,HVAC,Normal,,Active,2026-08-15 11:07:09.551543+00,2026-08-15 11:07:09.551543+00
dff5a19b-a5f7-449f-8e5f-cbc0a631d037,8c154c7b-8f46-4926-b810-368d8953c322,c36728e7-b04a-43ff-b88c-f6b3ba84ef3f,FF-48PS-286,Apartment HVAC Unit,Flat 803,,,,HVAC-Eighth Floor-803,,HVAC,Normal,,Active,2026-08-15 11:07:09.551543+00,2026-08-15 11:07:09.551543+00
64753212-c5c2-45b3-a496-d62cc06d20ba,8c154c7b-8f46-4926-b810-368d8953c322,c36728e7-b04a-43ff-b88c-f6b3ba84ef3f,FF-48PS-287,Apartment HVAC Unit,Flat 804 A,,,,HVAC-Eighth Floor-804 A,,HVAC,Normal,,Active,2026-08-15 11:07:09.551543+00,2026-08-15 11:07:09.551543+00
8a71337f-2cf4-45f3-b516-868f75017fa2,8c154c7b-8f46-4926-b810-368d8953c322,c36728e7-b04a-43ff-b88c-f6b3ba84ef3f,FF-48PS-288,Apartment HVAC Unit,Flat 804 B,,,,HVAC-Eighth Floor-804 B,,HVAC,Normal,,Active,2026-08-15 11:07:09.551543+00,2026-08-15 11:07:09.551543+00
47a8df2f-26c0-4312-9190-50c92e8a8360,8c154c7b-8f46-4926-b810-368d8953c322,c36728e7-b04a-43ff-b88c-f6b3ba84ef3f,FF-48PS-289,Apartment HVAC Unit,Flat 805 A,,,,HVAC-Eighth Floor-805 A,,HVAC,Normal,,Active,2026-08-15 11:07:09.551543+00,2026-08-15 11:07:09.551543+00
939060e4-81d7-4979-af8a-ab4ff896111e,8c154c7b-8f46-4926-b810-368d8953c322,c36728e7-b04a-43ff-b88c-f6b3ba84ef3f,FF-48PS-290,Apartment HVAC Unit,Flat 805 B,,,,HVAC-Eighth Floor-805 B,,HVAC,Normal,,Active,2026-08-15 11:07:09.551543+00,2026-08-15 11:07:09.551543+00
a21374a8-daca-4f86-b31a-7b873777015c,8c154c7b-8f46-4926-b810-368d8953c322,c36728e7-b04a-43ff-b88c-f6b3ba84ef3f,FF-48PS-291,Apartment HVAC Unit,Flat 806 A,,,,HVAC-Eighth Floor-806 A,,HVAC,Normal,,Active,2026-08-15 11:07:09.551543+00,2026-08-15 11:07:09.551543+00
54ccab22-ddab-4239-a9b8-3b269ac13097,8c154c7b-8f46-4926-b810-368d8953c322,c36728e7-b04a-43ff-b88c-f6b3ba84ef3f,FF-48PS-292,Apartment HVAC Unit,Flat 806 B,,,,HVAC-Eighth Floor-806 B,,HVAC,Normal,,Active,2026-08-15 11:07:09.551543+00,2026-08-15 11:07:09.551543+00
64797ba1-cfc8-4f68-bd1c-428c13f58df1,8c154c7b-8f46-4926-b810-368d8953c322,c36728e7-b04a-43ff-b88c-f6b3ba84ef3f,FF-48PS-293,Apartment HVAC Unit,Flat 807,,,,HVAC-Eighth Floor-807,,HVAC,Normal,,Active,2026-08-15 11:07:09.551543+00,2026-08-15 11:07:09.551543+00
66d56c5e-c35b-4555-b225-eb4349155920,8c154c7b-8f46-4926-b810-368d8953c322,c36728e7-b04a-43ff-b88c-f6b3ba84ef3f,FF-48PS-294,Apartment HVAC Unit,Flat 808,,,,HVAC-Eighth Floor-808,,HVAC,Normal,,Active,2026-08-15 11:07:09.551543+00,2026-08-15 11:07:09.551543+00
ead139cb-5487-41b4-9347-80206efcf712,8c154c7b-8f46-4926-b810-368d8953c322,c36728e7-b04a-43ff-b88c-f6b3ba84ef3f,FF-48PS-295,Apartment HVAC Unit,Flat 809,,,,HVAC-Eighth Floor-809,,HVAC,Normal,,Active,2026-08-15 11:07:09.551543+00,2026-08-15 11:07:09.551543+00
7ed0b4b4-8df0-4104-b2b8-faa32285e641,8c154c7b-8f46-4926-b810-368d8953c322,c36728e7-b04a-43ff-b88c-f6b3ba84ef3f,FF-48PS-296,Apartment HVAC Unit,Flat 810,,,,HVAC-Eighth Floor-810,,HVAC,Normal,,Active,2026-08-15 11:07:09.551543+00,2026-08-15 11:07:09.551543+00
bdeddbe4-dbdc-44dd-afef-9d826793700a,8c154c7b-8f46-4926-b810-368d8953c322,c36728e7-b04a-43ff-b88c-f6b3ba84ef3f,FF-48PS-297,Apartment HVAC Unit,Flat 811,,,,HVAC-Eighth Floor-811,,HVAC,Normal,,Active,2026-08-15 11:07:09.551543+00,2026-08-15 11:07:09.551543+00
655285bf-2846-43d4-9547-0a1246d4f1a3,8c154c7b-8f46-4926-b810-368d8953c322,c36728e7-b04a-43ff-b88c-f6b3ba84ef3f,FF-48PS-298,Apartment HVAC Unit,Flat 812,,,,HVAC-Eighth Floor-812,,HVAC,Normal,,Active,2026-08-15 11:07:09.551543+00,2026-08-15 11:07:09.551543+00
447e1722-d64c-4540-93f1-12f00de2f31f,8c154c7b-8f46-4926-b810-368d8953c322,c36728e7-b04a-43ff-b88c-f6b3ba84ef3f,FF-48PS-299,Apartment HVAC Unit,Flat 813,,,,HVAC-Eighth Floor-813,,HVAC,Normal,,Active,2026-08-15 11:07:09.551543+00,2026-08-15 11:07:09.551543+00
bdf26f3f-e889-46e1-bc65-4ad64a8106cb,8c154c7b-8f46-4926-b810-368d8953c322,c36728e7-b04a-43ff-b88c-f6b3ba84ef3f,FF-48PS-300,Apartment HVAC Unit,Flat 814 A,,,,HVAC-Eighth Floor-814 A,,HVAC,Normal,,Active,2026-08-15 11:07:09.551543+00,2026-08-15 11:07:09.551543+00
3d385446-f7c6-4da6-9d51-c1e7f1b8ff3b,8c154c7b-8f46-4926-b810-368d8953c322,c36728e7-b04a-43ff-b88c-f6b3ba84ef3f,FF-48PS-301,Apartment HVAC Unit,Flat 814 B,,,,HVAC-Eighth Floor-814 B,,HVAC,Normal,,Active,2026-08-15 11:07:09.551543+00,2026-08-15 11:07:09.551543+00
9430824f-7f78-4db6-8ecb-4890121f4ac5,8c154c7b-8f46-4926-b810-368d8953c322,c36728e7-b04a-43ff-b88c-f6b3ba84ef3f,FF-48PS-302,Apartment HVAC Unit,Flat 815,,,,HVAC-Eighth Floor-815,,HVAC,Normal,,Active,2026-08-15 11:07:09.551543+00,2026-08-15 11:07:09.551543+00
02abf250-eb60-43a9-9e1b-ab0a7d3f45b2,8c154c7b-8f46-4926-b810-368d8953c322,c36728e7-b04a-43ff-b88c-f6b3ba84ef3f,FF-48PS-303,Apartment HVAC Unit,Flat 816 A,,,,HVAC-Eighth Floor-816 A,,HVAC,Normal,,Active,2026-08-15 11:07:09.551543+00,2026-08-15 11:07:09.551543+00
824f82ac-313e-4170-a623-937fdc3f4035,8c154c7b-8f46-4926-b810-368d8953c322,c36728e7-b04a-43ff-b88c-f6b3ba84ef3f,FF-48PS-304,Apartment HVAC Unit,Flat 816 B,,,,HVAC-Eighth Floor-816 B,,HVAC,Normal,,Active,2026-08-15 11:07:09.551543+00,2026-08-15 11:07:09.551543+00
77106f05-3f13-490e-9cd9-0dace274f81a,8c154c7b-8f46-4926-b810-368d8953c322,c36728e7-b04a-43ff-b88c-f6b3ba84ef3f,FF-48PS-305,Apartment HVAC Unit,Flat 817 A,,,,HVAC-Eighth Floor-817 A,,HVAC,Normal,,Active,2026-08-15 11:07:09.551543+00,2026-08-15 11:07:09.551543+00
e039cfb9-d0dd-4f48-8ad2-11a00408baee,8c154c7b-8f46-4926-b810-368d8953c322,c36728e7-b04a-43ff-b88c-f6b3ba84ef3f,FF-48PS-306,Apartment HVAC Unit,Flat 817 B,,,,HVAC-Eighth Floor-817 B,,HVAC,Normal,,Active,2026-08-15 11:07:09.551543+00,2026-08-15 11:07:09.551543+00
0a8f413f-b031-492f-b437-0c1d2ad0bcdd,8c154c7b-8f46-4926-b810-368d8953c322,c36728e7-b04a-43ff-b88c-f6b3ba84ef3f,FF-48PS-307,Apartment HVAC Unit,Flat 818,,,,HVAC-Eighth Floor-818,,HVAC,Normal,,Active,2026-08-15 11:07:09.551543+00,2026-08-15 11:07:09.551543+00
7fe44652-0ae3-48a0-aeed-6b2056a411a1,8c154c7b-8f46-4926-b810-368d8953c322,c36728e7-b04a-43ff-b88c-f6b3ba84ef3f,FF-48PS-308,Apartment HVAC Unit,Flat 819 A,,,,HVAC-Eighth Floor-819 A,,HVAC,Normal,,Active,2026-08-15 11:07:09.551543+00,2026-08-15 11:07:09.551543+00
259361df-4544-4393-bcb1-1461afd04bdc,8c154c7b-8f46-4926-b810-368d8953c322,c36728e7-b04a-43ff-b88c-f6b3ba84ef3f,FF-48PS-309,Apartment HVAC Unit,Flat 819 B,,,,HVAC-Eighth Floor-819 B,,HVAC,Normal,,Active,2026-08-15 11:07:09.551543+00,2026-08-15 11:07:09.551543+00
af61828d-a865-494f-ba88-92fea5de69ec,8c154c7b-8f46-4926-b810-368d8953c322,c36728e7-b04a-43ff-b88c-f6b3ba84ef3f,FF-48PS-310,Apartment HVAC Unit,Flat 820,,,,HVAC-Eighth Floor-820,,HVAC,Normal,,Active,2026-08-15 11:07:09.551543+00,2026-08-15 11:07:09.551543+00
02fb816b-08e7-4d2f-a164-81df8d822ebb,8c154c7b-8f46-4926-b810-368d8953c322,c36728e7-b04a-43ff-b88c-f6b3ba84ef3f,FF-48PS-311,Apartment HVAC Unit,Flat 821 A,,,,HVAC-Eighth Floor-821 A,,HVAC,Normal,,Active,2026-08-15 11:07:09.551543+00,2026-08-15 11:07:09.551543+00
15551b43-e3cb-4e81-af1b-8429524f4380,8c154c7b-8f46-4926-b810-368d8953c322,c36728e7-b04a-43ff-b88c-f6b3ba84ef3f,FF-48PS-312,Apartment HVAC Unit,Flat 821 B,,,,HVAC-Eighth Floor-821 B,,HVAC,Normal,,Active,2026-08-15 11:07:09.551543+00,2026-08-15 11:07:09.551543+00
eb20ba16-2692-406e-a65d-7fc832d3282b,8c154c7b-8f46-4926-b810-368d8953c322,c36728e7-b04a-43ff-b88c-f6b3ba84ef3f,FF-48PS-313,Apartment HVAC Unit,Flat 901,,,,HVAC-Ninth Floor-901,,HVAC,Normal,,Active,2026-08-15 11:07:09.551543+00,2026-08-15 11:07:09.551543+00
c3d6be16-9ee1-45cb-9465-338f3742a1b6,8c154c7b-8f46-4926-b810-368d8953c322,c36728e7-b04a-43ff-b88c-f6b3ba84ef3f,FF-48PS-314,Apartment HVAC Unit,Flat 902,,,,HVAC-Ninth Floor-902,,HVAC,Normal,,Active,2026-08-15 11:07:09.551543+00,2026-08-15 11:07:09.551543+00
b4f207f3-b2df-4029-a874-f44ff2652c36,8c154c7b-8f46-4926-b810-368d8953c322,c36728e7-b04a-43ff-b88c-f6b3ba84ef3f,FF-48PS-315,Apartment HVAC Unit,Flat 903,,,,HVAC-Ninth Floor-903,,HVAC,Normal,,Active,2026-08-15 11:07:09.551543+00,2026-08-15 11:07:09.551543+00
d6ea4c4e-6abc-44e4-b7fc-3f8e3e1903a1,8c154c7b-8f46-4926-b810-368d8953c322,c36728e7-b04a-43ff-b88c-f6b3ba84ef3f,FF-48PS-316,Apartment HVAC Unit,Flat 904 A,,,,HVAC-Ninth Floor-904 A,,HVAC,Normal,,Active,2026-08-15 11:07:09.551543+00,2026-08-15 11:07:09.551543+00
7d30946f-5c63-4c61-a287-da9ca1065389,8c154c7b-8f46-4926-b810-368d8953c322,c36728e7-b04a-43ff-b88c-f6b3ba84ef3f,FF-48PS-317,Apartment HVAC Unit,Flat 904 B,,,,HVAC-Ninth Floor-904 B,,HVAC,Normal,,Active,2026-08-15 11:07:09.551543+00,2026-08-15 11:07:09.551543+00
0defacd7-9a62-4d40-8208-30fcec62aaeb,8c154c7b-8f46-4926-b810-368d8953c322,c36728e7-b04a-43ff-b88c-f6b3ba84ef3f,FF-48PS-318,Apartment HVAC Unit,Flat 905 A,,,,HVAC-Ninth Floor-905 A,,HVAC,Normal,,Active,2026-08-15 11:07:09.551543+00,2026-08-15 11:07:09.551543+00
b4975bae-26c2-4e7a-b7ed-92ea3be54307,8c154c7b-8f46-4926-b810-368d8953c322,c36728e7-b04a-43ff-b88c-f6b3ba84ef3f,FF-48PS-319,Apartment HVAC Unit,Flat 905 B,,,,HVAC-Ninth Floor-905 B,,HVAC,Normal,,Active,2026-08-15 11:07:09.551543+00,2026-08-15 11:07:09.551543+00
1035c2ad-4587-4f99-94aa-7bcdad0f007a,8c154c7b-8f46-4926-b810-368d8953c322,c36728e7-b04a-43ff-b88c-f6b3ba84ef3f,FF-48PS-320,Apartment HVAC Unit,Flat 906 A,,,,HVAC-Ninth Floor-906 A,,HVAC,Normal,,Active,2026-08-15 11:07:09.551543+00,2026-08-15 11:07:09.551543+00
5b738908-77df-4ab7-8225-f7accbd20107,8c154c7b-8f46-4926-b810-368d8953c322,c36728e7-b04a-43ff-b88c-f6b3ba84ef3f,FF-48PS-321,Apartment HVAC Unit,Flat 906 B,,,,HVAC-Ninth Floor-906 B,,HVAC,Normal,,Active,2026-08-15 11:07:09.551543+00,2026-08-15 11:07:09.551543+00
4e815823-ae0f-44fb-af04-112ae46e5403,8c154c7b-8f46-4926-b810-368d8953c322,c36728e7-b04a-43ff-b88c-f6b3ba84ef3f,FF-48PS-322,Apartment HVAC Unit,Flat 907,,,,HVAC-Ninth Floor-907,,HVAC,Normal,,Active,2026-08-15 11:07:09.551543+00,2026-08-15 11:07:09.551543+00
69fd85b9-5132-447b-a925-ba3f31659749,8c154c7b-8f46-4926-b810-368d8953c322,c36728e7-b04a-43ff-b88c-f6b3ba84ef3f,FF-48PS-323,Apartment HVAC Unit,Flat 908,,,,HVAC-Ninth Floor-908,,HVAC,Normal,,Active,2026-08-15 11:07:09.551543+00,2026-08-15 11:07:09.551543+00
52d80171-b4e6-4202-af44-490eef34180d,8c154c7b-8f46-4926-b810-368d8953c322,c36728e7-b04a-43ff-b88c-f6b3ba84ef3f,FF-48PS-324,Apartment HVAC Unit,Flat 909,,,,HVAC-Ninth Floor-909,,HVAC,Normal,,Active,2026-08-15 11:07:09.551543+00,2026-08-15 11:07:09.551543+00
0329468e-9672-4781-9daa-3a53662f671c,8c154c7b-8f46-4926-b810-368d8953c322,c36728e7-b04a-43ff-b88c-f6b3ba84ef3f,FF-48PS-325,Apartment HVAC Unit,Flat 910,,,,HVAC-Ninth Floor-910,,HVAC,Normal,,Active,2026-08-15 11:07:09.551543+00,2026-08-15 11:07:09.551543+00
85fe05a1-091d-4a7b-a60f-520f8a90ebf9,8c154c7b-8f46-4926-b810-368d8953c322,c36728e7-b04a-43ff-b88c-f6b3ba84ef3f,FF-48PS-326,Apartment HVAC Unit,Flat 911,,,,HVAC-Ninth Floor-911,,HVAC,Normal,,Active,2026-08-15 11:07:09.551543+00,2026-08-15 11:07:09.551543+00
a988dc3c-0eef-4898-a75f-d77b8b2d0614,8c154c7b-8f46-4926-b810-368d8953c322,c36728e7-b04a-43ff-b88c-f6b3ba84ef3f,FF-48PS-327,Apartment HVAC Unit,Flat 912,,,,HVAC-Ninth Floor-912,,HVAC,Normal,,Active,2026-08-15 11:07:09.551543+00,2026-08-15 11:07:09.551543+00
ecefa2a8-a5e9-4e94-a177-405c8972bc50,8c154c7b-8f46-4926-b810-368d8953c322,c36728e7-b04a-43ff-b88c-f6b3ba84ef3f,FF-48PS-328,Apartment HVAC Unit,Flat 913,,,,HVAC-Ninth Floor-913,,HVAC,Normal,,Active,2026-08-15 11:07:09.551543+00,2026-08-15 11:07:09.551543+00
594846c4-64e7-4386-b33f-159be3ce352d,8c154c7b-8f46-4926-b810-368d8953c322,c36728e7-b04a-43ff-b88c-f6b3ba84ef3f,FF-48PS-329,Apartment HVAC Unit,Flat 914 A,,,,HVAC-Ninth Floor-914 A,,HVAC,Normal,,Active,2026-08-15 11:07:09.551543+00,2026-08-15 11:07:09.551543+00
061b5596-1bef-439e-ab82-1dcc7fa53cd6,8c154c7b-8f46-4926-b810-368d8953c322,c36728e7-b04a-43ff-b88c-f6b3ba84ef3f,FF-48PS-330,Apartment HVAC Unit,Flat 914 B,,,,HVAC-Ninth Floor-914 B,,HVAC,Normal,,Active,2026-08-15 11:07:09.551543+00,2026-08-15 11:07:09.551543+00
acde3dc8-edf6-49b0-8bc0-750ce07762f6,8c154c7b-8f46-4926-b810-368d8953c322,c36728e7-b04a-43ff-b88c-f6b3ba84ef3f,FF-48PS-331,Apartment HVAC Unit,Flat 915,,,,HVAC-Ninth Floor-915,,HVAC,Normal,,Active,2026-08-15 11:07:09.551543+00,2026-08-15 11:07:09.551543+00
e70f09cb-7c2f-4721-9271-e92e73e30f0a,8c154c7b-8f46-4926-b810-368d8953c322,c36728e7-b04a-43ff-b88c-f6b3ba84ef3f,FF-48PS-332,Apartment HVAC Unit,Flat 916 A,,,,HVAC-Ninth Floor-916 A,,HVAC,Normal,,Active,2026-08-15 11:07:09.551543+00,2026-08-15 11:07:09.551543+00
d8bc0c94-9053-426a-b7c3-863c178a5ef5,8c154c7b-8f46-4926-b810-368d8953c322,c36728e7-b04a-43ff-b88c-f6b3ba84ef3f,FF-48PS-333,Apartment HVAC Unit,Flat 916 B,,,,HVAC-Ninth Floor-916 B,,HVAC,Normal,,Active,2026-08-15 11:07:09.551543+00,2026-08-15 11:07:09.551543+00
90011203-9cd2-4fa8-a880-be0fee4ecf68,8c154c7b-8f46-4926-b810-368d8953c322,c36728e7-b04a-43ff-b88c-f6b3ba84ef3f,FF-48PS-334,Apartment HVAC Unit,Flat 917 A,,,,HVAC-Ninth Floor-917 A,,HVAC,Normal,,Active,2026-08-15 11:07:09.551543+00,2026-08-15 11:07:09.551543+00
2afcc6a9-4007-423a-9071-f8c101b95c09,8c154c7b-8f46-4926-b810-368d8953c322,c36728e7-b04a-43ff-b88c-f6b3ba84ef3f,FF-48PS-335,Apartment HVAC Unit,Flat 917 B,,,,HVAC-Ninth Floor-917 B,,HVAC,Normal,,Active,2026-08-15 11:07:09.551543+00,2026-08-15 11:07:09.551543+00
f093c098-9763-4a65-bda5-bb0dffdaf51a,8c154c7b-8f46-4926-b810-368d8953c322,c36728e7-b04a-43ff-b88c-f6b3ba84ef3f,FF-48PS-336,Apartment HVAC Unit,Flat 918,,,,HVAC-Ninth Floor-918,,HVAC,Normal,,Active,2026-08-15 11:07:09.551543+00,2026-08-15 11:07:09.551543+00
b1ecc23f-ec41-4d14-a5f4-ed50a3ea3277,8c154c7b-8f46-4926-b810-368d8953c322,c36728e7-b04a-43ff-b88c-f6b3ba84ef3f,FF-48PS-337,Apartment HVAC Unit,Flat 919 A,,,,HVAC-Ninth Floor-919 A,,HVAC,Normal,,Active,2026-08-15 11:07:09.551543+00,2026-08-15 11:07:09.551543+00
b261668e-1bde-4c6f-817f-9a4314c2730f,8c154c7b-8f46-4926-b810-368d8953c322,c36728e7-b04a-43ff-b88c-f6b3ba84ef3f,FF-48PS-338,Apartment HVAC Unit,Flat 919 B,,,,HVAC-Ninth Floor-919 B,,HVAC,Normal,,Active,2026-08-15 11:07:09.551543+00,2026-08-15 11:07:09.551543+00
50e2dc27-5b50-4bf5-887e-815eaf650fd6,8c154c7b-8f46-4926-b810-368d8953c322,c36728e7-b04a-43ff-b88c-f6b3ba84ef3f,FF-48PS-339,Apartment HVAC Unit,Flat 920,,,,HVAC-Ninth Floor-920,,HVAC,Normal,,Active,2026-08-15 11:07:09.551543+00,2026-08-15 11:07:09.551543+00
4d9e6a3b-9b24-4fc7-bdd7-43b1828e9331,8c154c7b-8f46-4926-b810-368d8953c322,c36728e7-b04a-43ff-b88c-f6b3ba84ef3f,FF-48PS-340,Apartment HVAC Unit,Flat 921 A,,,,HVAC-Ninth Floor-921 A,,HVAC,Normal,,Active,2026-08-15 11:07:09.551543+00,2026-08-15 11:07:09.551543+00
50e99099-59c9-4b51-af82-dec7821bfa0a,8c154c7b-8f46-4926-b810-368d8953c322,c36728e7-b04a-43ff-b88c-f6b3ba84ef3f,FF-48PS-341,Apartment HVAC Unit,Flat 921 B,,,,HVAC-Ninth Floor-921 B,,HVAC,Normal,,Active,2026-08-15 11:07:09.551543+00,2026-08-15 11:07:09.551543+00
52887f41-85df-4c40-bb96-46a437529306,8c154c7b-8f46-4926-b810-368d8953c322,c36728e7-b04a-43ff-b88c-f6b3ba84ef3f,FF-48PS-342,Water/Pump System,Transfer Pump,,,,,,PLUMBING,High,,Active,2026-08-15 11:07:09.551543+00,2026-08-15 11:07:09.551543+00
849f45a7-2e81-4b3d-ac69-28233c503bbc,8c154c7b-8f46-4926-b810-368d8953c322,c36728e7-b04a-43ff-b88c-f6b3ba84ef3f,FF-48PS-343,Water/Pump System,Booster pump - RF-,,,,,,PLUMBING,High,,Active,2026-08-15 11:07:09.551543+00,2026-08-15 11:07:09.551543+00
bbaca22a-9009-4eca-88f4-e394c3e36839,8c154c7b-8f46-4926-b810-368d8953c322,c36728e7-b04a-43ff-b88c-f6b3ba84ef3f,FF-48PS-344,Water/Pump System,Booster pump - RF-,,,,,,PLUMBING,High,,Active,2026-08-15 11:07:09.551543+00,2026-08-15 11:07:09.551543+00
18230849-dd67-4cbf-942e-18f95754a2ec,8c154c7b-8f46-4926-b810-368d8953c322,61a5fdcf-cc09-42d2-a429-79565914029a,FF-48PS-345,Swimming Pool Pump,Filter Pump - RF- Swimming Pool,,,,,,PLUMBING,Medium,,Active,2026-08-15 11:07:09.551543+00,2026-08-15 11:07:09.551543+00
1a467dc9-3c89-4c06-a5f6-53ad7640983b,8c154c7b-8f46-4926-b810-368d8953c322,61a5fdcf-cc09-42d2-a429-79565914029a,FF-48PS-346,Swimming Pool Pump,Booster pump - RF- Swimming pool,,,,,,PLUMBING,High,,Active,2026-08-15 11:07:09.551543+00,2026-08-15 11:07:09.551543+00
003a9867-8144-4138-b6e5-fee0e595b128,8c154c7b-8f46-4926-b810-368d8953c322,c36728e7-b04a-43ff-b88c-f6b3ba84ef3f,FF-48PS-347,Water/Pump System,Bucket Shower Pump,,,,,,PLUMBING,Normal,,Active,2026-08-15 11:07:09.551543+00,2026-08-15 11:07:09.551543+00
ad3359ee-e82b-4061-b560-9ff3ec99ee09,8c154c7b-8f46-4926-b810-368d8953c322,c36728e7-b04a-43ff-b88c-f6b3ba84ef3f,FF-48PS-348,Water/Pump System,Bucket Shower Circulation Pump,,,,,,PLUMBING,Normal,,Active,2026-08-15 11:07:09.551543+00,2026-08-15 11:07:09.551543+00
7b9c494e-7285-413b-91a7-54a2b7ca334f,8c154c7b-8f46-4926-b810-368d8953c322,61a5fdcf-cc09-42d2-a429-79565914029a,FF-48PS-349,Swimming Pool Pump,Filter pump - Swimming Pool,,,,,,PLUMBING,Medium,,Active,2026-08-15 11:07:09.551543+00,2026-08-15 11:07:09.551543+00
2b9407e8-6947-4f30-b743-ee41f19d7df2,8c154c7b-8f46-4926-b810-368d8953c322,c36728e7-b04a-43ff-b88c-f6b3ba84ef3f,FF-48PS-350,Water/Pump System,Shoulder Massage Pump,,,,,,PLUMBING,Normal,,Active,2026-08-15 11:07:09.551543+00,2026-08-15 11:07:09.551543+00
9d6b8f65-833c-4e49-a608-d2a9ea776d20,8c154c7b-8f46-4926-b810-368d8953c322,61a5fdcf-cc09-42d2-a429-79565914029a,FF-48PS-351,Swimming Pool Pump,Booster pump - Swimming pool,,,,,,PLUMBING,High,,Active,2026-08-15 11:07:09.551543+00,2026-08-15 11:07:09.551543+00
